x1,x2,x3,x4,x5,x6,y
-0.6901977688833743,-0.01451480125991135,0.8486892854885032,-1.0,0.9682501187272603,0.030208742758533913,1.8925765828089507
-1.0,-0.21430527835371482,-0.4355973605478261,-1.0,-1.0,-1.0,1.2557910470649547
0.18079274587065883,0.4554507698769542,-0.7671229434342314,0.40259517252070653,1.0,0.021020560423801002,0.11520311439718933
0.6763120553606119,0.014760051959620935,0.7280139821047829,1.0,1.0,0.19966966225774743,-2.8192584022434897
-1.0,0.0315387918483917,-0.5769420506770713,0.6082914925904199,0.3180894628825657,-0.5144248216631149,0.7045255502116698
0.25105220633511127,1.0,1.0,0.5931225220272891,-0.20952376605473316,-0.5620029966959672,-1.6696978825763074
0.19065490246804484,0.3805271281631182,-1.0,0.7145082557500497,-1.0,-0.8322318986910662,0.7971236841818439
-1.0,0.0281543843440637,-0.6858590505204694,-0.26592602318718817,-0.5258885048119125,1.0,3.6363918972887523
-1.0,-0.34300041808064075,-1.0,-0.5482278214522527,-0.9619206534634115,-1.0,2.8274615820755518
0.5231734732055962,-0.6687292707465365,-0.8511801506362128,-0.7776143430233351,0.7041779728098996,-0.29992971695234344,-2.1592406498917542
0.3796238944410444,0.44043716896026736,-0.15520007591374707,0.2924074200393779,0.6598410081533242,0.5716428980309561,0.4925852939808703
-1.0,0.1549512086427418,-1.0,-1.0,0.9634535018482735,1.0,8.50309022893801
-0.2809035867300036,1.0,0.5112072839973643,0.7274133264960329,-0.86122717038729,-1.0,2.7502683347597863
-0.41929897983089304,-1.0,-1.0,-1.0,-1.0,-0.3459633473657533,1.3098662521620796
0.11777675934103826,0.17141584363486295,0.2432487339988151,-0.6425308562947029,-0.140118384941316,0.28644997029360625,0.3715865699431743
-0.47468998864101875,-1.0,-1.0,-0.36053672816629145,-1.0,-1.0,0.4120332229065896
-0.9683332346844864,-0.8013573940160509,0.8587529629563705,-0.7332884373285677,-0.5818292427787719,-0.33630009438626307,1.0629157482223688
0.5164491907236892,1.0,-0.30183111984325833,0.00247409607995569,0.3425492912086958,0.0418310366121426,0.9078729585989905
-0.3783073760318787,-0.2054633152239443,-1.0,0.84485504494342,1.0,0.3535249525821704,0.7363169452270325
0.3963927093951273,-0.06071425815453524,1.0,-1.0,1.0,0.7060970625163335,-2.699637529160242
1.0,-0.49283724652761995,-0.9228444714659149,0.6302575441900361,0.788917305761832,-0.4631444196520649,-3.7440501710779106
-0.27089365766738527,-1.0,-1.0,-1.0,-0.3642341094972559,-1.0,3.655114936155853
-0.17832223847267648,1.0,0.9234272653607833,0.48765459434782754,0.9046415975666011,0.5841701170237514,-3.47099647350894
-0.9037504991123917,-1.0,-0.43670425485971376,-1.0,0.3622375289022971,-0.8808708672375978,3.0999766531177313
-0.8302357015696626,-0.3470752301282478,-0.8377408051277856,-0.774595884842357,-1.0,-0.03302470789962253,-1.2033991859774793
0.15775633264762368,-1.0,-1.0,-0.25951123643480195,0.8056143060397286,1.0,1.5992402449492944
0.9047816582888792,0.3129410247360455,0.09471111922011155,0.4912163213085903,-0.2612021475280716,1.0,1.848939426016106
-0.8563897667067396,0.7393953887110777,0.48902938589348427,0.313235129955226,-1.0,0.31437561228883704,-3.607515477155088
-0.08821997231623341,0.7901296761410849,-0.29994810327350285,0.14943371047632026,0.017098592693459702,0.9440047127803994,4.491431252831633
-0.15521363886838757,-0.5851793978123859,-0.23400488079311454,-0.650235850995776,-0.5760032151956651,0.7870088448801508,1.127707383985828
-0.993290992137507,0.5332367131651867,1.0,1.0,1.0,1.0,-3.041576448181425
1.0,1.0,-0.9053973922306924,1.0,-1.0,-1.0,11.616004935340895
-0.09426025849075531,-1.0,-1.0,0.4759556659370624,-0.8943743252968115,-1.0,-0.42914524176316593
-0.18916036504387312,0.48552889676417377,0.15707222458276515,0.9088822140119477,1.0,-0.030211356264069567,1.0228629800730709
0.8835010293697764,0.6538800170503354,-0.5235285300771078,0.7274129239354172,-0.3374204513478647,0.2753713425287636,1.3245934435023567
1.0,1.0,1.0,1.0,0.8828130772688754,-1.0,-4.862081861604187
0.2421193112895899,0.8472135871999319,0.04697504375441253,1.0,1.0,-0.5938293064400829,-0.25948343363357806
-0.17268318738261623,0.49236380898624355,0.2071480505707124,-0.5818027015123912,-0.8628791702391938,-1.0,0.49467405295623135
-0.2159512480652305,-0.06080812709690869,1.0,-0.436484429604055,-0.7552998299664979,-0.39206130737171174,-0.11477875345812869
-0.8127851185938728,-1.0,-1.0,-0.5131176706070509,-1.0,-0.6735713030483617,-1.5750130656151367
-0.11183850877563373,-0.442286029304459,-0.7019267429548648,0.5453445686885432,0.9342057545499904,-0.06810709884595578,-0.6532236865828255
1.0,-0.06572747340864882,0.2429078152686186,1.0,-0.7665799083198627,-0.26605959845279825,2.5829881869188336
0.16860846369830762,1.0,-0.40927240180094926,1.0,-0.6751225554660848,-0.5874225449816192,3.4847997118131278
-0.8867692902561188,-1.0,-1.0,-0.9352944737595722,0.6065475574923203,-1.0,2.710171533205768
1.0,0.21613739096562323,1.0,1.0,1.0,1.0,-6.435279834104384
-1.0,-0.4181081005744613,-0.27670252477477886,-1.0,-1.0,-1.0,1.9028504446042929
-0.7758029726056466,-1.0,-1.0,-0.18036671013739025,0.11142339861743644,0.8607506252959458,0.578096733888697
-0.1780482157947062,-1.0,-1.0,-1.0,-0.7654349501255313,-0.6565187717036226,1.1995686854858048
1.0,1.0,0.539718580231948,0.7907519302389263,-0.4572540213620184,-1.0,7.545303684161551
-1.0,-1.0,-0.1080009005212359,-1.0,0.5092411488677172,0.1950839135773903,-0.7836524347740033
0.7363874845509865,-0.7789134736144621,-0.24905153243424802,0.08298867812390298,-1.0,-0.8886044162339903,4.789316471879103
-0.6982006140311218,0.7235996527447581,0.4205592611375104,-1.0,-1.0,-0.6551347049988847,-0.7497757581906406
-1.0,-1.0,-0.08992957684945062,0.16990458486009796,1.0,1.0,5.316829119722564
1.0,0.38601167923699464,-0.00817186686311766,0.02670648811571319,1.0,1.0,1.1174301822245527
1.0,1.0,0.7558446821650036,0.25325934848417053,0.3567430108760914,0.597656489171073,-3.531800661199423
-0.5609921564182349,-0.891975814092048,-0.9666823461931214,-1.0,0.5765435267413381,-1.0,3.0862609198982125
1.0,0.3829475387747363,0.8107555238359601,0.5389203346651351,1.0,1.0,-3.619950221293377
-0.3412063516541374,0.8182566192249264,-1.0,-1.0,-0.7118207113365858,-1.0,0.8638570361957424
-0.14015338214881778,0.19124485287725954,-0.5797049600677147,-0.05149769197643181,0.8800660891220535,1.0,5.842025008689615
0.840660931925292,-0.022750925777973635,-1.0,1.0,1.0,1.0,1.0574449774066796
-0.7942172795867276,-0.007020669291619319,0.28708473612071833,0.2882081858217438,0.23237764452331516,1.0,0.9200803323707123
0.14313996356534475,0.701372167145931,0.003541665069977551,1.0,1.0,0.008241768414841477,-0.03089061407452722
0.7562801567890609,0.46529627824405106,1.0,0.16865380924665319,-1.0,-0.28507237241545297,3.617597267983636
-1.0,-1.0,-0.9976287411747217,-0.4602488250257084,-0.44847342705693727,-1.0,2.498158518437535
-1.0,-1.0,-1.0,-1.0,-1.0,0.41134437259835754,-2.6968102292632072
0.920050193480701,-0.6349332351317203,-0.39368412414817316,-1.0,-1.0,-0.7999007817362229,8.144304910023692
-0.6062059453051758,-0.33700323764190654,0.4723473065807515,-0.023414510744428185,0.5178982140664461,1.0,1.3091273485734705
1.0,-0.28306859887708136,0.2739585039825514,1.0,-0.776291371758006,-0.352034226417078,4.203397425552242
-1.0,1.0,-0.7320166417960062,-1.0,1.0,1.0,12.74536758914299
0.16061147102460777,-0.43524715173867,-1.0,-1.0,-0.03842030836484123,-0.6176939184302003,-0.26678298497974634
-0.4777307688177244,-0.7075133954750684,0.8410529742253001,-0.08348614147769917,0.40428309260711215,1.0,-0.31734322594163356
1.0,-0.19355715462634415,-0.18894476911527125,-1.0,1.0,0.2935760503197151,-1.4778182237551052
-1.0,-0.5582626229084511,-0.16698415511345466,0.05573045265455162,0.07465424822531164,-0.06004197597642211,-0.5283739703300352
0.804064154722935,-0.08726406897910566,0.5160878718961099,-0.05913545105553696,0.7464657256595304,1.0,-0.57235601083758
-0.46666123568736667,-0.013743505439537597,1.0,-0.25365730454180535,-0.20798185010087164,0.7327013987241232,-2.047550264089012
-1.0,-0.43797239052487935,-0.03312268799709617,-1.0,0.20413502895248153,0.834038738467755,-1.6405885444557555
0.7805749022529299,0.17180623352465374,0.15150490663154126,-0.23647534910044876,-0.5712798762225776,-0.7211751953948055,3.906562393526554
1.0,0.0011291466186433563,-0.5017394075207734,0.1801066385656625,0.38865768786322424,-0.07259435665477322,-0.9844166769459943
0.6208943932524362,-0.29656401725042847,-0.16582121965793256,0.32474691115263876,0.33455038461266273,0.8104042826979849,1.2039570217907654
-0.6672333047842587,-0.1386685452904377,-0.44997729895077176,-0.0451232739510814,0.030881026803557282,0.07236323662161853,0.19948635128244116
1.0,0.10896022822587709,-0.2746083002755894,-0.8698428961537192,-1.0,-0.7385175105439732,6.102362647531268
-1.0,-1.0,-1.0,-0.46817443585847374,1.0,0.8362417072622483,-0.4509124936479988
0.04973761176492286,0.8052067366158275,0.8524135230108433,1.0,1.0,0.9873158132080211,-1.7227812601943437
0.4425382600470096,0.09542016462928138,0.9826185035967703,1.0,-0.7813166673553749,-1.0,3.0172118524562435
-1.0,-1.0,-1.0,-0.6632418817470098,1.0,0.8592187842004597,-1.888975877264098
-1.0,0.35253621942682756,0.3110648618269991,-0.9923771006116768,1.0,0.3134160020969534,5.281796134890429
0.6106248143713844,0.0544911116183473,1.0,0.32593233689090995,1.0,1.0,-3.0655237115731873
-0.9718991369077998,-1.0,-0.07175737409565208,-1.0,0.73652561869259,0.7806369331314855,-0.9368911871992815
-0.584833837354921,-0.9051984204899601,-1.0,-0.837575025322991,-0.28452877081282024,-1.0,3.0665076829114453
0.9145053918603827,0.6255157883050584,0.790221260822537,1.0,0.7540288356440166,0.1154899210932796,-3.7933316477964647
-1.0,-1.0,-1.0,0.6724085521840326,1.0,1.0,5.051094113819714
-1.0,-1.0,-1.0,-0.07400940463204098,1.0,1.0,3.194317986294742
0.19226483320962687,-0.9525063467979518,-1.0,0.2739165752849675,-0.5827855087573355,-1.0,1.4768842248951426
-1.0,-0.32993132933546,-1.0,-0.4528007606284698,0.0016555184194413375,0.2546207148443451,-0.9221737717841506
0.3612503639677914,0.6263298063604626,-0.5137370968325321,-0.23986969455501822,0.7466813948657176,-0.5574969551894391,-0.5229123763583042
-1.0,-1.0,-0.40508521833699096,-1.0,-1.0,-0.9222864309823333,4.8129729183251735
-1.0,-1.0,0.5380466324951547,-1.0,-1.0,-0.22149900514543225,3.992569779739992
0.6136985325251529,-0.04636536785500461,1.0,0.29029909234951823,0.061242977143120436,1.0,-1.8714246978304678
-1.0,-1.0,-0.6480350352891728,-1.0,0.37327648104175115,0.8860528567105538,-2.3976570143067524
-0.2887678678379979,1.0,-0.8389013571942721,0.517492003467668,1.0,0.8595374705970531,8.592274538505063
0.12693198666563366,-1.0,-0.806443849710565,0.6225103693835103,-1.0,-0.7633992806261275,0.5787251448911437
-1.0,-1.0,-1.0,-0.448875364745849,-1.0,-1.0,1.2824711448573218
-1.0,-0.11743413753535781,1.0,0.296104377680881,-0.42992623210389413,-0.2972231361250423,-0.44431097078994825
0.09547600550717517,0.17911032984761333,-0.046853855041441295,1.0,0.4950607054819718,1.0,3.652072190578547
0.19335111608945743,0.08181206364418271,-0.057297375243987925,-0.13684613446923227,-0.45726818368341093,-1.0,2.670123946549871
1.0,0.9293736502787566,0.8049408273063179,0.7260573895840383,0.6466561391463073,1.0,-4.429183430518548
-0.5415891654986513,0.638000957434619,-1.0,-1.0,-1.0,-1.0,0.16631343797919365
1.0,-0.4545935649325368,-0.38224630310454705,-0.25629370353030434,0.3738511546056079,0.657307439166626,-1.2388308420273288
1.0,0.9125747236459567,0.07370728981136021,0.3537775983546267,-1.0,-0.25998234770292306,3.250516866846457
1.0,0.3078725572364285,0.7620463762941153,-0.2357781966160134,0.8742313910980174,-1.0,-0.1421806311794913
1.0,-0.06423034306320874,0.9598300510433685,0.6832017122455155,0.5075821832118151,-0.19250370431661268,-1.1189730803331677
1.0,0.11167337480257289,1.0,1.0,0.3028146602020073,-0.8072641873497145,-0.2516348044211493
0.4762750033196058,-1.0,0.308598025255517,-0.40082821454181544,-0.21806047302158693,-1.0,6.591141551738513
-1.0,-0.7355300831746892,-1.0,-0.9464296629785971,-0.5184668207471028,0.6074397954212231,-2.3858780345194077
-1.0,-0.3173082112652551,-1.0,0.7179745837142009,-0.8627832269618461,-1.0,2.0332074407730722
1.0,0.5638626788975041,-0.17811362374290257,0.5765986181800943,-0.785271709822045,-0.5496777570510731,3.6809242869756056
0.15799623787965444,1.0,0.2696306160095411,0.7074450172813047,-1.0,0.320405076947188,1.1399200170588664
0.6333511769778397,-0.9635336110712722,1.0,-0.6284855840757011,-0.9228392787526083,-0.03459188083945852,8.013334182453741
0.23641884837009458,0.04824530600910437,0.29320453107322225,-0.3988416761788098,-0.5264543780029792,-0.3663208786964479,0.5782198666338823
1.0,1.0,0.46909178685143416,0.8036689199287983,-0.6613563802002607,-0.7341200908595364,5.378664947927739
-0.2557176810516054,0.631889204773217,-0.517249969074456,-0.8508382963132155,-1.0,-0.3629904521142372,-0.15158876917708708
-1.0,-0.8412755911507941,0.9872576623322864,-0.1784413648186507,-0.03871126450861051,0.7173426256203811,-2.1102244120760174
-1.0,-0.2845092581925279,-0.011776555029752833,-0.8232071522190147,-1.0,-0.1866592188920802,-0.08852163338544333
-0.3395448286202618,-0.18207365849278323,-0.17429775657717161,-0.2516436270006397,-1.0,-0.2754748894318777,-0.5515160069827446
0.518274992713847,0.4986547738552115,-0.29346228910740324,0.08567254874412056,-0.5163205694238643,-0.923130623689826,2.6604709256108654
-0.8860851706812973,-0.06282321854119377,0.22262947211808387,-0.5776493667137244,0.6365923003528291,0.6916438553978717,1.8000715158417357
-1.0,-0.07356093399271502,-1.0,-1.0,1.0,1.0,8.104808635848293
-1.0,0.16917803397045006,-1.0,-1.0,0.6137478560571475,0.34206234773681765,0.29099662589306985
0.6522169494847374,0.7036134063896917,-0.6089711428915837,1.0,0.1076333700751897,0.9432379685571465,2.1207823606188083
0.9132338852781194,1.0,1.0,0.7444562672743815,-0.34460355539573706,-0.12773557280067205,-0.17971657867626248
1.0,0.3277323789865707,0.5435329050520088,0.912909739321764,0.22273944094119524,0.7604330710967641,-0.6942554206585252
0.10122742511847078,-0.615130226556467,0.11715434745258341,-0.2194897332980399,-1.0,-1.0,4.23567466272084
-0.28213025202027797,-1.0,-0.8468302234792243,-0.44807140185234334,-0.30663076953282,0.49087951896866555,-1.6101854835219618
-0.5336603557828982,-0.6321790063615651,1.0,-1.0,-0.18616458624546195,-1.0,3.4209851817483194
0.8456209861064466,1.0,-1.0,0.4391365616925696,-0.23773237691861648,-1.0,5.175736794185183
1.0,-0.9283123365003931,-0.700455675650304,-1.0,-0.43373827648932406,-0.37637304279283135,4.023413333850686
0.1513510622583562,-1.0,0.7439547386860618,0.5978151368477663,1.0,0.29189521202191804,0.524942166507699
-0.6274374090965094,-0.3513235981014977,1.0,-0.2669548885006596,0.6425562005594031,0.45891931984029677,-1.2402013651341335
1.0,-0.11879940122717869,-0.779167829488886,-0.11138995885845493,-0.4488676418788306,-1.0,5.300513070266936
0.5468385246453555,0.45689200470320485,0.5307977182150407,0.05643521906859855,0.7486555822082084,-0.30317481592037326,-0.8283411101044043
-0.954548572509863,0.022589092841712843,-0.2406114576296239,-0.6737142498733997,0.8359781680132337,0.14911951887438968,3.164909799845903
-0.4632441093986822,0.8541629514649989,-0.20982309050616388,1.0,-0.8549453367355371,-0.07566463764420384,0.7806835965133261
0.9039707409810037,0.9635757603480382,1.0,1.0,-0.1531767698685208,0.698581460266479,-2.6230269189213473
-0.07324215685870383,-0.18132236024160076,-1.0,-1.0,-0.274676689584179,-0.008224514409461259,-1.2658924578958377
-0.12601245344238354,-0.17555932511515682,-1.0,-0.5547695319004322,-1.0,1.0,6.794221836608324
-1.0,-1.0,-1.0,-0.29302245566973695,-0.8457744615503628,-0.22446096473982402,-5.216559131156593
1.0,0.8283487319091687,1.0,0.8480711971216481,0.00290974307890407,1.0,-4.5636189321944824
0.12079152122306692,-0.9900490735223854,-1.0,-1.0,0.31126202732862873,-0.4103233754245371,-2.703925050733364
0.21869131222752441,-0.3571426927148273,-0.11594981366417718,1.0,0.23105750319983387,1.0,3.879751105637409
-1.0,-0.8571034630401859,0.6558728458213992,-0.3661005309956825,-1.0,-1.0,2.1377371675507373
1.0,0.050914072672441746,1.0,0.35607582463111886,0.5177576578526429,0.6249521452064315,-4.1272573098325385
-0.4565409334281829,1.0,1.0,0.3427337709028814,0.7154257361589567,-0.5528197405158848,-1.9796495112568
1.0,0.8441519082143765,1.0,1.0,-1.0,-1.0,8.654050244368245
-1.0,-0.9526178230713203,-0.7062234184259868,-0.734427338010207,-0.7353568088854852,-0.3669954768835946,-1.8295096516786389
-0.273771725757589,-0.16959820994357988,-0.45079821538363984,0.054163163781546175,1.0,-0.28922418718823967,0.7207376152657552
-0.09548223929084287,-0.9435516696250146,-0.8167048003752269,0.9769517970136476,-0.5935139044451418,-1.0,-0.6430498755114659
-1.0,-1.0,-0.38358142121743755,-1.0,1.0,0.2578974658295889,-0.08567981863005976
1.0,0.9756131605849019,0.22473695821170225,1.0,-0.956729279984808,-0.555497861956367,8.560598557674796
0.26620288895954025,0.16318252627347973,-0.49624370451923006,-1.0,0.47393513727595143,-0.6444684552656822,0.43020413515223455
-0.11166921974319449,1.0,0.1526108448758603,0.943450150901118,0.9038506809378851,0.23296086511308978,-0.09527573066795891
-1.0,0.5750441174006647,-1.0,-0.7561409964459712,0.6364340369840238,0.9671786078478639,10.69744717981182
0.5546847655926039,1.0,1.0,0.2661143705139797,0.3101685384419691,-0.5261846570219865,-2.5811058531481312
0.08671949166420057,-1.0,-1.0,0.10289818362677028,-1.0,-1.0,1.1276399995401234
-0.339296310055967,-0.14782057004940197,-1.0,-1.0,-0.05545763617295019,-0.20971499230333365,-2.424181403178402
-1.0,-0.04870597593865089,-0.1431454259006062,-0.21471132256140957,-0.5378133941264767,1.0,0.27528755816520317
-0.6412223713397335,-0.33287495139843304,-0.7202657013479352,-0.6696966592116649,0.13294437717131194,-0.7571044439947563,1.7854262365164506
-1.0,-0.38369843912182633,-0.26924017470082895,-1.0,0.5477723461752542,0.9879037949947226,3.6392146438384825
0.1621527961542275,1.0,1.0,0.5685344405698072,-1.0,-0.1416547806592503,-2.5427963642194937
-0.16225743816940552,-1.0,-0.8297556360360885,-1.0,0.8145856063773984,-0.3005430999814347,-3.6129460939674716
-0.350950429518852,0.5684964344789172,0.5191766219049633,0.7664243513607998,0.7547861111687979,0.8774415497222554,1.0243021169952748
-0.545915479806047,-1.0,-1.0,-0.3790372139303855,-0.7755852939679699,0.6078265575798516,-1.6464247749182217
-1.0,-0.8628798057323022,-0.30500271850344096,-1.0,0.20704861693217658,0.5885760603942473,-2.848067711891569
-0.8465275977614614,-1.0,-0.3860925848457337,0.17046386877760988,1.0,-0.12280361512642568,-0.03584125933395932
-0.8016947531783161,-0.7581289248082843,-0.6928876466752878,-0.9555210626434874,-1.0,0.5826080829617397,0.13633613332824335
-1.0,-1.0,-1.0,-1.0,1.0,-0.6629314702188773,-3.418842662518626
0.2744987786725645,-0.11610418005618328,-0.24939000721831034,-0.6069331448778353,0.7043897303397758,-1.0,2.5480888879274453
0.24924216249326192,-0.8621165140422562,1.0,1.0,-0.5929841774964997,0.2769444526413065,1.8724422990758014
0.8203362609320983,1.0,-0.4591784456492613,1.0,-0.3886288515231824,-1.0,8.219769554625133
-1.0,0.4385425900470161,-0.9171462539383611,-0.09093468126848725,0.22767326831259335,-0.04707669095636635,0.6019124041094903
0.3779243419449516,-0.25594882357922444,0.5799129185492767,0.7749265170953534,1.0,-1.0,0.45340208605812476
0.7457161004214958,0.7528585912736154,0.0017004789782708585,1.0,-0.1302952118322097,1.0,3.133292802376533
0.370056241191673,0.03724709422071778,0.9357981080931821,0.8957571520878289,0.7580422564199025,1.0,-1.0424413690811662
-0.5732774154380831,-1.0,0.8203151554325514,-1.0,-1.0,-0.9421536780149451,7.970471746720905
-0.5236097874104054,-0.3646011779323207,-0.5922962146075185,0.506654991056693,-0.23970486135512814,0.6964180807740323,1.3209760273971132
1.0,0.22111322066145506,0.2954473489578222,1.0,0.16575932337286853,-1.0,3.705676606963703
1.0,0.010834676659529835,1.0,0.6938114380191134,-0.2216608177229265,-0.49937375486959834,2.687970257310083
-0.2981092739455472,0.744002233932447,0.08643192099042885,-1.0,-0.6884878528923333,-1.0,-0.3355003695611393
0.793438622181432,0.26890662357315426,0.7009898686655291,-0.7639267289233507,0.9071132743809593,0.37102584472786737,-1.7545616165253768
1.0,1.0,0.7960298053556366,0.36733787010564656,-1.0,-0.5022283865226068,3.5773522741787023
1.0,1.0,1.0,0.5039923377725504,-0.7429052954760998,-0.32818449159189217,2.1286102171738612
1.0,1.0,0.004733048805094953,0.585664035885637,-0.8970691237212468,-1.0,7.514995955805807
1.0,0.6888223219007388,1.0,0.8011648844265651,0.6071061193761798,-0.7279415658657802,-1.252629787358122
-0.6620377240460575,-0.968751214174661,-0.6881619438767894,-0.4595670980491037,0.6067320914685643,-1.0,3.297253201890288
1.0,1.0,-0.4584287667935366,0.24588191252746017,-0.7687648296003221,-1.0,6.6579610421094335
1.0,1.0,0.7269318229200687,1.0,1.0,0.6597995822334235,-6.586032900569029
1.0,0.5561708563106555,1.0,-0.9693489621749591,-0.15369949260432686,-0.305900843235043,-0.7878416730279949
0.462408923696783,0.9738047840051192,0.9098608717838677,1.0,-1.0,-0.32492189306604646,2.312083253759811
1.0,1.0,0.6776607433377871,-0.1745789107522271,0.056367258641346396,-1.0,1.9337929931740423
-0.02753022262096494,0.10066514911016067,0.4385617444483525,0.6371255393462927,0.437680716821257,0.945164506533803,1.7780302925521132
-1.0,-0.27410728543370777,-1.0,0.6710823592896369,-1.0,-1.0,1.0660371488156808
1.0,0.8941982377322095,0.7044389151063817,0.37988096317261255,-1.0,-0.511100044448692,3.8541602898615848
0.8380982941738925,0.5360160612402972,0.616961137416575,1.0,-0.02363794778169276,0.10086151086120271,-1.315670513815726
0.7130532219817789,1.0,0.783376232584037,0.6334194438252401,0.07880079896027972,-0.3257513294250014,-1.3476233442810552
-0.09116795336328287,-0.3263607714740196,-0.4973537569432233,-0.48895481327848794,-1.0,-0.36050368426342017,0.6791291598102367
-0.910623697515182,-1.0,-1.0,-0.6006581363839147,0.4897094431818,-0.2940709280911781,-4.824941188185246
-1.0,0.0813684877014709,0.01309737539310113,-0.08590486464363539,-0.9379628503897695,-1.0,-1.3635902158453594
1.0,-0.5094586733903677,0.6151176179261717,0.12505140268617793,0.5457352947774515,-0.01220020768985175,-1.4291851280310506
-0.22264355430995075,-1.0,-1.0,-1.0,-0.3299847680016893,0.13742512255995676,-3.1068508773056713
1.0,1.0,-0.1437617608492297,0.8585087766193396,0.9639554445838745,0.4424048467289683,-1.482607950663481
0.5995394313008621,0.287425335717482,0.3225719012312759,1.0,0.5024210205125579,0.015065860411422882,-0.0341989470093359
0.9353222534152407,-0.6733283868582296,1.0,1.0,0.7335466656340986,-0.752119804822935,-2.6144417276450014
-1.0,-0.9527069409158059,0.2332013702121356,0.6249492596150276,1.0,-0.1060887349808347,3.5983347453493417
0.1055952131938318,1.0,1.0,1.0,-0.06615972909911039,0.7625707285018894,-5.538746644437407
0.529482203775747,0.42862217908092304,0.6247516640367348,0.6864609711398231,0.818929101808899,0.07935329175972972,-2.346534720580238
0.16336224159018653,-0.2453974904308489,-0.33279446797111456,-0.8092081763360404,-1.0,-1.0,1.837744586163594
-0.1732853720270578,-0.6462591693420345,0.18676300947607993,-0.6224623846306001,-0.9405474964722147,0.9208252630868953,3.282209098942557
-0.9703547413799305,1.0,-1.0,-1.0,0.048394402807879267,-0.19680058170508552,-0.2795960354003202
-0.3406497956386364,-0.7850045063027081,-0.29608234465663663,-0.5223885337319605,-0.4644466491915695,-1.0,3.977668972926356
0.7733910809806601,-0.07803406650736477,0.5108518154251128,0.8118632437248192,-1.0,0.4947413287347664,2.8552547229521217
-0.9841806913494128,-1.0,0.16391713958090756,0.04909970960039545,0.18524346452738039,0.8293679474298135,0.4007223639901342
0.2567952146258625,0.5692183465455921,-0.15742043799338906,0.29778852291226054,0.31506909939415395,1.0,2.977481522241775
0.32007693366348267,0.7608543568501163,0.6691993887841818,-0.33841196787330874,-1.0,0.08721690351348077,-0.18417374411721868
-0.6114953121535283,1.0,-0.14693480694742317,0.8651804358069213,-0.6267892115953209,-0.22140428524134492,0.5524320750943273
-0.7455940178563903,-1.0,0.6666574888779874,0.08134709112215588,-1.0,-0.994328344560496,2.5813704229231886
1.0,0.5725248708779631,-0.06557274153413006,1.0,-0.8926146822624411,1.0,6.3277879789913865
0.8432780114195157,0.9095027360211014,0.13414755817209545,1.0,-0.11992873506185431,0.9987749424121558,2.94699318848618
1.0,0.6493904841733944,0.6123306528237568,0.7288578701256291,0.016140029053492988,1.0,-0.12515885450393593
0.24984616934859138,-1.0,-1.0,-0.6298576565720713,0.7594374358399433,1.0,-0.9043190568039531
-0.4244303620207224,-1.0,-1.0,-0.48252708994164406,0.42776978842677993,0.38826103841460136,-3.0271028255673085
-0.6395946081935205,-0.9623032508487998,0.29806562613265786,-1.0,0.10179567182103721,-1.0,6.1428773457577055
0.48207461258175616,0.15979232633400736,-0.6157441125379053,-0.4079845703818953,-0.8554756255768039,-1.0,2.429273239819613
0.9235421097670619,0.9352373748865797,1.0,-0.9863083390974126,-1.0,-1.0,4.6952161845710485
-0.5223036487024542,-0.6188869807429169,-0.807114958652024,0.275552408524302,-0.823001143766998,-1.0,1.2752178710990918
-1.0,-0.5052116823553003,0.6515703398577961,-0.9217242734457282,0.7644932478584471,0.5378804267504107,-0.3828016483518352
0.38920611063219845,-0.22797273859350364,-0.756698522692405,-0.7228037589841052,0.974450765400757,1.0,2.4913517064023414
-1.0,-1.0,-1.0,-0.6048632441587306,1.0,1.0,0.9932196292556635
-0.9967796895246404,-0.5508616483347184,-0.2957042818610189,-0.8122500450416812,-0.8289788902520875,-0.8545909340239964,1.3803548329036528
-1.0,0.8271820270984183,0.095784170949538,-0.7254591104216772,-0.44511935989445606,-0.523094888554817,-1.7764978218990655
1.0,0.7180894004011998,0.18203523734548988,0.046812075872046,-0.871119876451057,-1.0,5.991404570962909
-1.0,-0.6194043741719584,-0.5513919094386659,-0.6803358710562608,-1.0,0.2267064420304516,-1.136756771038324
0.5521694228991718,1.0,1.0,0.43803656928560897,-0.5782183815032993,-1.0,0.3351025237927978
-1.0,0.153254264544318,-0.5356176751748651,-0.6405480500540409,-1.0,-1.0,-2.3209440897131204
0.6903574560166497,0.5703906609567255,0.45900095457957474,-0.7574349924612451,-0.6066705009843858,0.25100234145012235,1.0909448707740939
-0.7602381676919348,-0.8026726488325959,-1.0,-1.0,-0.5965748566422472,-0.66798995769518,0.46483161585943944
-1.0,-1.0,0.10457124497200765,-0.0685492395792891,-0.7635598727096345,1.0,-1.1574453595147705
-0.07623481815243349,-0.19311092715617617,1.0,0.4613517769358636,-0.33363587124757765,0.21700085724087537,-0.6625752294381355
0.45332210340953694,0.93183569533131,1.0,0.23265645421381143,-1.0,1.0,-1.3581728276896068
-0.036562283506795135,-1.0,0.9471771910994351,-1.0,-0.7862333176959295,-0.17007838504065997,5.530752876600318
-1.0,0.5270619014268547,-0.5326253280517416,0.3599025431437386,1.0,0.58125644811502,5.086568286957578
-0.6822699518254431,-0.37975398597665255,-0.24585045966638042,-0.6779306774525999,-0.8482809058176127,0.6388996961059954,-1.0978665982811762
1.0,0.17331039962510353,1.0,0.009027363972094249,0.3645959711784418,-0.15116463159376214,-0.8399197383994812
-0.5956478235177103,0.029557729725586124,0.3395313840304244,-0.17675530327149613,-1.0,-0.2717775800409856,-1.9861408509664384
0.5027115146074232,1.0,0.26077299814819743,-0.32280794173289196,-1.0,-0.45835475536382764,1.8526922780415038
1.0,0.9924357430535478,0.3319685838379287,0.3829530165323469,-0.07550534557400856,-0.1742667634050764,0.9926879212691323
1.0,1.0,0.08360627623725492,0.5193653676762966,-0.5809180812147103,-0.9917005642330484,6.487611390690971
0.7286205847913471,0.12469836459143668,0.505806331764423,-0.3844121374023718,1.0,-0.023073038436993654,-1.5297729272800182
0.7026597710366544,-0.9302809175626989,-0.0082030239198169,0.620834406812319,1.0,1.0,2.945743257790998
-1.0,-0.5591137345488195,-0.7199821408505661,-1.0,-0.3099011369901409,-0.740236623693056,1.916856615241418
0.1485527320916944,1.0,1.0,0.44905099437054674,1.0,0.530331421838605,-4.592421024858909
-0.28415120057728505,0.365818560557273,0.8310934097355384,0.33622077799016736,-0.6181802863408502,-1.0,1.8872495789754327
-0.16668625292341793,0.19845250434523642,0.6716499465771879,-0.9197426913919321,-1.0,-0.3085659267691468,0.4495745564290717
-0.5577953739449973,0.5468302606105536,-0.623120792770012,-0.10650803930504416,-0.5122368118237559,1.0,6.031432356930156
0.9334163027818442,0.8717835598991535,1.0,1.0,-0.9642202058020348,0.7054148561090593,1.990769399734563
-1.0,-0.4309666217716297,-1.0,-0.9223012314740768,1.0,0.21063978074318324,-2.2380282784477457
-0.45350604214059853,-0.7781748718696445,-1.0,-1.0,-0.07235760731026418,1.0,1.6943575312971686
-0.7823340856897805,-1.0,-0.6961745301485042,-1.0,0.8623041433720844,0.3547767260083994,-3.2490219576192967
-0.7130742544248924,-0.2657622730479109,-1.0,-0.562212365448322,0.4069185653272361,0.6066273956222286,1.1425747916165019
-1.0,0.032404625345638365,-0.35589840320343574,-0.20062321003155414,0.2784778862725495,0.636072623478022,1.2447905183299208
-1.0,0.5541001164813297,0.287171815995247,0.8727706217236381,-0.6017353664696152,-0.25805836889663303,-1.3558121704282677
-0.9468371354543442,-0.04811007530056699,-1.0,0.6436675927399,-0.11175653612487738,-1.0,5.093675474242918
-1.0,0.19523319549964163,-1.0,-1.0,-0.007577796090635913,-0.12421927158837343,-2.0904475662583266
0.5304412420131339,-0.6142918384825193,0.15084672227934962,0.30483201027958196,1.0,0.11314024261892586,-1.9219708541399139
0.5695029575692728,-0.9214300868284053,-1.0,-1.0,0.000679938235229216,1.0,0.4732723816943482
0.18194834153734596,0.5089258297341033,0.0018159075543261322,-0.18343178909336577,-1.0,-0.917482684769825,1.4924225726008358
0.669465805102873,0.15291405126836488,-0.9946884085446523,0.08111161636195496,-1.0,-1.0,3.353192077038993
-0.5402018149405547,-1.0,0.9515820169674168,-0.017012326514512177,-1.0,-0.32967961373986354,1.9107652947454952
-1.0,-0.8954006051355284,0.09243277243513408,-0.41374223634943064,-0.18555707468761737,1.0,-2.4159279247786793
-0.02004756003192454,-1.0,-0.34532062445927103,-0.3915161572124879,1.0,0.15231706281029767,-0.8861331224331651
0.06377170833798695,0.6351824095619178,0.25827793079940387,-1.0,1.0,1.0,6.869011274253915
0.27123808504195046,0.1807877546585276,0.4044378993442838,-0.76562130253203,0.5671187999701435,-0.45731028666691564,0.4295030542008026
0.4192729397051034,-0.8954302133388319,-0.11497479593986526,1.0,-1.0,0.23753654172098537,4.414419373812525
1.0,0.05936652169265555,1.0,0.125846300353468,-0.7469437538169971,-0.7902139440535488,6.025216441762877
1.0,1.0,1.0,1.0,-1.0,-0.49854515475675565,6.45988046817097
1.0,1.0,0.10262034134810682,-0.12361963008143939,-0.6247531698046841,0.13112214220083745,0.8621941671001921
-0.23707815313621206,0.6146158400827557,0.387061388529258,-1.0,-0.3273570549678768,1.0,3.334855037453873
0.027572046219675794,-0.7125272199870587,-0.7274204197818118,-0.16947642575791422,-0.7088644862693216,-0.11970419296078325,-0.2391555033572689
1.0,0.3746457478940357,1.0,0.2200272014101503,-1.0,-1.0,7.6840473409855585
1.0,0.43367204343558885,-0.5643847141887453,1.0,-0.5261039261583086,1.0,4.621615641208213
0.09789520813317454,-1.0,-0.5220145127030997,-0.28508952693989925,-1.0,-1.0,3.1215938589800842
0.115140714720664,-0.5420568618234636,-1.0,1.0,-0.7662949312554796,-0.9403997554750803,0.8402869787944764
-0.034916606834457575,0.22599320754407803,1.0,0.9228671355908815,0.3926574146837142,0.17643626692842462,-1.7487052697104086
0.4928818992400874,-0.07960161031872709,-0.7620620125576325,-0.2630256600317,-0.4854839197745564,-1.0,2.8026638587312904
1.0,1.0,1.0,1.0,0.9941063808435139,0.46961660627889185,-9.64678163309603
-0.34515210183272016,-0.9685705530684805,-0.7774073509479156,0.12426731978989747,0.25047605118874205,1.0,2.4950618906631172
0.5057483632790938,0.6256711988894305,1.0,0.7970372927817513,1.0,1.0,-3.8164689949997563
-1.0,-1.0,-1.0,-1.0,-1.0,-1.0,4.778580921775053
1.0,0.10467974356537457,-0.4014783015363249,0.15695018396848404,-0.13384745972668333,-1.0,4.413248973918528
-0.006516521575695322,-0.7040355233931515,-0.5573591724491014,0.8894697572170194,-0.29905006293442543,-1.0,2.0043799941927567
1.0,1.0,0.21203668901354455,0.6560296234216538,0.2992987643702052,-0.07297724347269388,-0.2819845930337481
-0.1335949139830639,1.0,-0.8413470627443408,-0.16923948790496846,-1.0,-1.0,0.6690155213434462
-0.7708526351133509,0.35534054835898593,-0.6845821023268299,-0.05897209043194579,-0.9008475966152847,-0.40185285462004816,-2.51448705921656
0.001628672991288882,-0.06491532154746016,-0.16873414063249606,1.0,-0.5945988535810273,-1.0,1.9474064498215158
-1.0,-1.0,-0.3459159523887605,-0.864395875064399,1.0,1.0,1.8105021738771079
1.0,1.0,0.43444559003691174,1.0,0.18955394296097633,-1.0,4.191483147154402
1.0,-1.0,-0.03633992636308636,0.6703822553913736,-1.0,0.5726174553701664,6.340558811366784
0.8143630432028891,0.08053947188295485,0.1500015241914795,0.5043049987173023,-0.1648937720823868,-0.31723064525890243,0.07435630470595833
1.0,-0.0862400019015036,0.18980076533118817,0.20887244590940768,-0.06612576706801276,-0.7066830783504091,3.2674538459042415
0.8041328122664204,1.0,-0.3691142419127591,0.2936251817815878,0.1628949823709123,0.09826324823149907,0.2745026452555045
0.22118697669961168,0.48896024963981666,-0.6685070613104819,-0.03856035770383198,0.5882544919921733,0.47971068132355343,1.4567035038550944
0.23812544882663755,-0.40429139074566156,0.22279641524353844,0.40911862461297094,-0.3640099568272709,0.7946798026320672,1.7432824403785665
-0.04017068147767977,0.7262203524922901,-1.0,-0.8480362067298362,-1.0,0.3251330186260384,2.22083810702906
-0.5334488373343107,-0.5568469259907008,0.030600639310949918,0.5914684991114114,0.1537065355284683,-0.253889243294819,-0.002077719546796808
-0.5636908299121166,-0.07888931838730756,-1.0,0.02117344311691699,-0.6391188697378022,-1.0,2.5825591665710697
1.0,0.8418601543402138,0.9536975412961075,0.6870642785552139,0.5260116729477329,1.0,-6.621628061924842
1.0,1.0,0.6953308686788571,0.8423157982912607,-1.0,0.43288759370114793,3.2007605586723753
1.0,1.0,1.0,0.17708448028697021,-0.7491286949047662,0.4573304519219028,-0.07954873711577148
0.11879966211755638,0.13206237470774462,0.7354269082361276,-0.29544098917972106,0.0062324615784721815,-0.680488842198746,1.8708007915573934
-0.28868001022373047,-0.7805241100013114,0.37162130364887036,0.7451172516730868,0.7224541994893876,-0.1389175407297871,1.2595355779750785
0.1402097690795876,-0.5925348686080445,-0.5313966240715055,-0.9287160881834366,-0.5032716370089367,-0.24582623219212807,1.6083685725961996
1.0,1.0,0.7446157012275096,1.0,0.5282364417206211,0.05826751332544655,-4.2124207106344285
-0.6313588804365661,-0.6194601349043385,-1.0,-1.0,-1.0,1.0,5.577449624842856
-0.869846578758057,1.0,1.0,-0.8851281728221514,0.14742322412487852,0.012857633802699109,-5.337502598900262
-1.0,-0.5763323442749044,0.2686494334329311,-0.808652343458166,-0.48502955791313684,1.0,-2.5874017079794736
-0.13558338649258728,-1.0,-1.0,0.024054437126938555,-0.2714188967057164,-0.818789857769643,-0.9081594773643467
-0.6889695054234528,-0.3986125335450692,-0.7868937831743725,-1.0,1.0,0.4784868253044061,1.9545297549580123
-0.060322826347164016,-0.19580086849757727,-0.22377092234144183,0.47084972093520255,0.34265927171809296,-0.5798831321951332,0.30978764516414364
-0.0006260017531365403,-0.2145240496496057,-0.8158635398437604,-0.803347898916752,-0.7839956721953287,-1.0,2.3441728766944907
-1.0,-0.27399114038886085,-0.5166067035140511,-1.0,0.251921287977539,0.19717309634123453,-0.12410438575114466
-0.8816740337424083,-1.0,-0.733596974299672,-0.4891335145900746,0.7850534180172044,0.43007282817498793,-1.5756096540813593
-1.0,-0.5753715567952216,-1.0,-0.43053842367394823,0.30609170825820786,0.7131897211784594,0.7615615683624498
0.29721408135461325,-0.8818056424066234,-1.0,-1.0,-1.0,-1.0,8.260072079957366
0.8435983001337999,0.7122777833959761,0.10621467524312855,1.0,1.0,-0.3539534955191519,-1.0192173438044987
0.6923447445838171,0.6034296272927324,0.34847290659134844,0.06068426081389955,0.180165769707616,0.4835807068049265,0.9777177436136979
0.8853126044188433,-0.48369848128911463,0.4920948996211898,0.024715906479037653,-0.48199800376311996,-0.8436123568571043,5.963627155158956
-1.0,-1.0,-0.8050398420968214,-1.0,-0.3650521415806707,0.5132156291204422,-5.443572017353981
-1.0,-0.2509855687333582,-0.9826100662646278,-1.0,1.0,0.9099551983213063,5.842945070673238
0.23904642190619785,0.2775760810136201,0.755527668227028,1.0,0.11209959639090838,1.0,-0.5879949828640829
-0.10190531408842855,0.6685135560670104,0.5277049281328123,-0.2610306304191834,-0.8476479485966978,1.0,2.626717978705137
1.0,1.0,-0.3444810822012602,1.0,0.040378688305459876,-0.735972754004118,3.7021886958609023
0.5308334602511263,-0.08826472963273235,-0.13519278713680827,0.37014337389511975,-0.3114723968661414,1.0,3.8367563216750846
-0.16242744001805123,0.054928905262549066,-0.09646564133576203,1.0,1.0,-0.19225258631996772,1.993782061725763
0.5350931662289126,0.10569124907882177,-0.11591195561878087,0.03826700396441568,-0.6728906621095667,-1.0,4.848915849332913
-0.15363623093072604,1.0,0.906051213202351,0.24268765904707235,-0.6620621882162125,-0.5949302369670968,-1.4082100709259833
-1.0,-0.14137746146516406,0.2383648270622438,-0.7146005250954031,0.5882631121733197,-0.18777893120629913,2.371188191991893
-1.0,0.22029401891320943,0.5215880831609776,0.5744706367930195,-0.14139546642845524,1.0,-0.8024150582928079
-1.0,-1.0,1.0,1.0,1.0,0.316964307796613,-1.0775052230324427
-0.7421375385270546,-1.0,0.10876977834122403,0.5591944514720105,-0.3824319199675278,0.464311516092508,-0.653741600496853
1.0,0.5539606060742308,1.0,1.0,0.7104685131588043,1.0,-5.9557761412861385
0.28128232715099166,0.5810673995333833,0.7832124171200805,-0.1685707701875111,-0.2797950570750902,-0.10616266436322197,-0.9470677309070764
1.0,0.9417253319422205,0.6709365186564572,-0.5640131319944669,0.926094311457353,1.0,-0.19413118458486106
-0.8945111100617861,1.0,-0.18856708840413516,-0.6286525542657642,-0.2891408071102323,-0.573928510517768,-2.176945395799929
0.2309379915495169,0.2246095010107934,0.5302141175350041,-0.4801273734020408,0.9140808791188275,1.0,1.5678672523674226
-1.0,-0.25265840425070607,-1.0,0.3076545868861542,0.6990811462229916,-0.46555670722807074,0.9493729639243577
1.0,1.0,1.0,1.0,-0.8635740393794801,0.3500979503285231,2.7931584290569065
0.8387077083539796,0.3982740836966409,0.0944484725933924,-0.49798564191291256,0.796690514404329,-1.0,0.021321048158584155
1.0,0.3174761319856969,1.0,-0.5043260014365551,-0.15655085108753664,0.09308791645387449,0.4317730343585623
0.4270927665586103,1.0,-0.30867973015620503,1.0,1.0,0.3696104444626953,-0.17345577025913178
1.0,0.41996743036007356,1.0,1.0,-0.8502339242338536,0.5114310514139817,2.528556862724021
-0.7888405589525634,-0.8647291920230329,0.39546212548916504,-0.7538422729085547,-1.0,-0.006555329542538013,1.3562632174940905
0.05896516816609121,1.0,-0.06989597993987134,1.0,-0.007233707719989102,0.12335202225309061,0.8021160177330231
1.0,0.2135537710111144,1.0,-0.25185460180606556,1.0,1.0,-5.266164137839605
0.8947554707158323,0.6042120049439272,-0.22614830508067899,0.4935439666113718,1.0,0.48938287615895604,-1.440920229963097
-0.1530850540583819,-0.5529502338130456,1.0,0.7231122185374697,-1.0,0.44030291573703895,-1.8792711822694914
0.9862675991442211,0.5261425013722072,1.0,1.0,0.6382577028274155,-0.27715920243099057,-3.857194175752136
0.19985079554868146,-0.37210986031810306,-0.8929868071944369,-1.0,0.4024510042136435,-0.09962320272764913,-2.397159427345585
1.0,1.0,0.21099511018363537,0.8364716761615024,-1.0,-0.931609193501068,8.800990089225785
1.0,-0.3002689412585098,1.0,0.2992532656191621,-0.7276198874654223,-0.3314077580466095,5.534887279776704
0.25726112072171436,1.0,1.0,0.6966943124382134,0.5842826933681313,0.30564236059385563,-5.019047267833669
-0.8132783277167206,-0.34470464695538905,-0.8531027871455086,-1.0,0.4762335749552242,-0.5887931162881125,-0.1063444383703136
1.0,-0.498468476274196,1.0,-0.9542635494054359,-0.5751290430012811,-0.10372486464254901,4.551710149601802
1.0,0.4587720167594256,0.5009978533946089,0.44556195052573566,-0.6590581654588947,0.056749404066616216,2.1567400971508977
0.09079016352810543,0.9351743974622875,1.0,0.5137862781293313,-0.07884374161933354,-0.02395964971408385,-2.6217566551585425
-0.3939851763014065,0.15117785969464403,-0.5228789083675954,-0.7202079957355859,0.3395335819255798,-0.3618643759118742,-0.2689916992755307
-0.34625218802366287,-0.2067729427479451,0.7686851319817222,1.0,-1.0,-0.5852612397210877,-1.258543346601191
-0.6109633671736687,-0.07038259710330252,0.8550699689621487,-0.19816838764120842,1.0,-0.13154536568861597,0.17505975845033156
0.09992038276737303,0.07435567164458101,-0.9191281955927191,1.0,0.852744581233869,-0.30074256183554765,-1.884907575396488
-0.49273764096590145,-0.3762337004568028,-1.0,-1.0,-1.0,-1.0,2.256967690686254
0.4882542954817572,0.9530383197955627,-0.07580540541174716,0.16276912897063328,-1.0,-0.9316380397976181,3.8080608139484013
0.06396511940289512,0.7487694053250404,0.6469370317885569,0.7069271459837889,1.0,1.0,0.7467643090897091
-1.0,-1.0,0.43633329999592996,-1.0,0.47465529808080636,-0.3376687461210471,2.0198683213937065
0.6028855446813919,-0.6084150072496208,0.5447639245065066,-0.2336258881582666,-0.3141020527445368,0.32463845771538175,1.9121628377865116
-0.14825441689678712,0.10916566871778569,-0.11157746959003756,-0.6745260095847343,-0.13603284267330817,-0.9851363526529681,2.5324734057108063
0.5815768865558478,-0.1908623658910534,-0.49643634961538263,-1.0,-1.0,-0.43464105475524106,3.60364372719224
1.0,-0.9849274100022709,-0.2463690079982238,0.5343430859167277,0.1885208225582925,-0.3153022463495068,-0.38700577690089216
-0.4948438737832289,-1.0,-0.4978631621034575,-0.8035343508916243,-1.0,0.0033613369871373644,0.7307183642899268
-1.0,-1.0,-0.4228238710212351,-0.3812881564949533,0.8933098407000368,0.8295278122162001,1.7908823223688681
-0.5340544138275296,-0.04076956799498363,0.6754057438855852,1.0,-1.0,-0.06861985327238318,-0.7142448944313898
1.0,1.0,0.04369544295601759,-0.516111574511369,0.026068955724907528,-0.9618529682474433,2.506573484475713
0.7182385078731335,1.0,1.0,0.3332306854908855,0.034516501608223754,-0.8047451170587544,0.02001749835209432
0.5778963525447111,-1.0,0.05313972814790435,-1.0,0.3690287537049798,0.21050924730880677,-0.5663566468997038
-0.670108476703104,-0.13836281804125505,1.0,-0.6646809395923348,0.2527394970678285,1.0,-2.592842261818602
-0.9287338664400326,1.0,-0.32839711027476215,0.24554957786406262,1.0,-0.250111178102404,4.292472206945089
0.7041143503194918,1.0,0.7419537576681094,1.0,0.3158018663779644,-0.17123624444994312,-2.862820258992691
0.17309477194340273,0.6777006271875301,1.0,-0.13726783719255858,0.9506662751497594,0.9375672173765266,-0.34472699824434916
-0.6499271882596642,0.1450123728594006,-1.0,-0.04457953434074424,-1.0,1.0,5.01653836585747
0.20522251026847577,0.709777765333114,-0.10352760452500209,-0.1332981016065745,0.07686560699779359,-0.05967388090304926,0.24431991431197658
-0.689090993877634,-1.0,-1.0,-0.9903791051470747,1.0,0.060702004064240284,-6.3380237469002045
-0.5155834735624696,1.0,1.0,0.8947749627566726,1.0,0.9100447820666981,-5.419911046651241
0.6249420071126939,1.0,0.42374378317704864,1.0,-1.0,-0.027775600094066988,3.0698185585016127
-0.20577768583881098,-0.07201679392662486,1.0,0.4689064484900385,0.1286404203652952,-1.0,2.641650073363224
-1.0,-1.0,-0.7739652028644157,0.5358298514681652,-0.8582051869436407,-1.0,-1.2174032231293987
-0.11783466671404641,0.6052938841388084,-1.0,-0.24251956562469223,0.32493066238762225,1.0,8.632617951020894
0.05999341734542574,-0.20126923017821086,-1.0,-1.0,0.6991965633596211,0.6377750104207518,1.043979744080811
-1.0,0.2987549602811916,1.0,1.0,-1.0,-0.1663105817932909,-2.5720329909716164
-0.23702083769174143,-1.0,0.35506885431716845,-0.5729617460028632,1.0,-0.23721085177966728,2.985843948079292
1.0,0.10071174586930864,-0.43275451021128464,0.230735409633387,1.0,-0.6917542625809652,-1.9392666385676465
-1.0,-1.0,0.016373472567791328,-0.4787385473254082,0.5508177069554689,0.05232412187509705,0.34477701613604983
-0.3492839043798867,-0.45480377256066606,0.48072155656309457,-0.07501630349140165,1.0,1.0,1.7747685538029048
-0.8087825800158112,1.0,-0.12763950746641622,0.35459080876249605,0.9921344285585181,-0.6677292689066646,4.491354614069457
-0.8170675576175349,-0.028270603239168024,0.04244864602584464,0.20704629635866367,-1.0,0.1689845122468318,-2.7594234057039677
0.5450762114385055,-0.18780140032188397,0.8852279793949949,0.8148941373150977,-0.7939583121984467,-0.3449445521406551,3.0618121243672705
-0.689672361481238,-1.0,0.6310300838898462,-0.02327288663310323,0.7666335090420456,-1.0,6.3081609133268355
0.6645858867282111,0.9393669718556812,1.0,1.0,0.24962743100053042,0.03905935204802691,-3.797194996948295
0.42121372733860996,-1.0,-1.0,-0.9880608505331787,0.6752727626315375,-0.36025847857409266,-4.061015389248397
-0.00815426833755184,0.054123426397251095,1.0,1.0,-1.0,-1.0,-0.15834030738689076
-0.4160522921807775,0.1371225598159573,0.6847367838468555,0.9011080125125879,0.3646493542031006,0.2378840850976051,-0.7740918912208241
-0.20701241245141458,-0.03434262123760967,0.8128702340547639,-0.018097068945757244,0.04167849964634479,0.11945803233802671,-0.07917359321885693
0.559728525499315,0.7239137112834408,0.7390732056646709,1.0,0.543850527490876,0.4495953801398562,-3.0549797780524433
-0.717133623845057,-0.7158305234544993,-1.0,-0.22440728832417234,-0.20435874002692478,0.6724385494116991,0.20182337273327883
0.4637721520153011,0.5319898497614346,0.818156681756196,0.10217349834359912,-0.4922738765615766,0.35870481426548473,0.6150507536802098
-1.0,-1.0,-1.0,-0.3024988820609992,-0.12527430749143553,-0.9271595083464271,2.37761296295022
0.20262224556871405,-0.48191883492060883,0.2235944780725344,0.24698795156021047,0.329248076731232,0.7979650024751559,1.141026795668906
0.9430630506909161,0.9488957408045461,1.0,-0.549286521610088,0.7453678204078629,-0.1746395505701822,-2.8554601972526377
-0.12358434932003082,0.45178856586774063,0.12070416427898956,1.0,-0.38184559091555254,-0.7299337018077356,1.6600227129164924
-0.5444855986499099,-0.2686883891492475,0.10899402926635549,-0.5620565174022152,1.0,1.0,4.162232211160301
0.009655549150477116,0.48878369007972267,-1.0,0.3940908581111778,-1.0,1.0,7.6960419857009175
0.49913730470561024,-1.0,-1.0,0.4296373091623551,-1.0,-1.0,2.3539706091821904
-0.8586694646645432,0.46306945285694173,0.12464097433132332,-0.6837229230130967,1.0,-0.060993499684208696,3.8610734121949237
-0.22395696360003092,-1.0,-0.11984840990638279,-0.22545607656350986,-0.745438657103099,-1.0,3.4722627528027807
0.21957603423947622,0.8657632293840329,-0.7712560209693852,0.4351358207130859,0.8709951464567969,1.0,7.84152235406694
-1.0,0.29238512364249003,0.3143706969605956,-0.7099123620811565,0.36479356515373695,-1.0,3.7172274845239293
0.6746451293826892,-0.38832137388633786,0.4454970050287561,-0.3242154642107494,-0.2813762200817933,0.2681371852157358,0.01913471437294717
-0.38999725618461584,-0.4896320492079658,0.04478927008147142,0.33833848920934184,-1.0,0.6105955058918264,-0.045254462996832584
-0.5226828071176068,-0.8530982652530419,-0.2788485548197681,-0.9220903888842904,0.054824019559100684,-0.04183404181955511,-0.8171140805745466
1.0,-0.17977268156836573,-0.4375767846351954,-1.0,1.0,0.7637560941776054,-0.6914323022098604
0.3243972357019802,0.85343462329509,0.09829025401856961,0.5097330305487089,0.974550869033452,0.28656427795598016,-0.45085929255272006
-1.0,-1.0,0.291450944394326,-1.0,-0.9444562651429562,-0.7592047291899156,4.777133979712454
0.8472105186266563,0.36914341632981834,-1.0,0.032855892853803886,-1.0,-0.9934967024164776,4.565331434623316
-0.4192367692137925,0.4138573042273,1.0,-0.03928827237661703,-0.36998111166085135,-0.21792859040612278,-0.6542073761588494
-1.0,-1.0,-1.0,-1.0,-0.3186152166332197,-0.7599366401934065,-0.2536324243846886
-0.5182921797283195,0.4050642339969463,0.6668277547725387,-0.3117402130801353,0.5949759192818151,-0.40276286374197856,1.1031545363830957
0.4730431416411609,0.9401516770656175,0.30938464041033653,1.0,1.0,-0.024026191677158304,-2.291386045366427
-0.6196359501552597,0.40093456614217365,-0.6475593143946685,-0.30174382904331276,1.0,0.5509257639512348,4.1361999824515365
-0.8262423947256936,-1.0,-0.7104823962689208,0.07222320266889266,0.16416548900738318,-1.0,2.2936530193747933
-1.0,-0.7064801374307887,-1.0,-0.777140406516118,0.9556516517106972,0.8479961716391147,0.7991038480089107
0.6619373818236222,1.0,0.5754967933066928,0.6845987223448949,0.20796215560414133,1.0,-0.375789623736079
-0.9286522823770577,-0.9368145104768397,-1.0,-0.16133327929696484,0.2979973086563735,1.0,3.6537762262145432
-0.810799020990135,-0.12855441568178022,-1.0,0.5278407484368,1.0,0.9119525425841848,8.200501797918989
0.5612077604995096,-0.1916919480485667,-0.7709620213239786,0.4644245841870288,-0.06760139374598562,0.5096280393963419,1.0620496537766324
1.0,0.8223486229171613,0.8478407160174819,0.34760521197812455,-1.0,-0.582449349299986,5.659807732085877
-1.0,-0.9098376944465436,-1.0,-1.0,0.21988927550639836,1.0,-1.718453081485953
-1.0,-0.20641061727103982,-1.0,-1.0,0.5823024857594918,1.0,6.416548050147041
-0.9838035602501483,1.0,1.0,0.4781361501005099,-0.23583692756002972,-1.0,-0.2572217170527563
0.3475203435721963,0.8579250269202596,1.0,0.391972242814173,0.7924256551500682,-0.1538422383036856,-2.1338731166077944
0.28425348963321406,-0.23599464481930532,-0.7676866028344422,-0.7348319117115817,-0.6431743057681583,0.7632425405081686,3.8753279631074182
1.0,1.0,-0.22730512745952905,-0.37237181317251256,0.06093696530361828,-0.5423950897590746,1.2444654480354083
0.7132090752150868,0.4899792665728775,1.0,1.0,0.6708456306263653,0.66448678604927,-4.648913607662136
0.059206877287426185,-1.0,-0.28219420115961485,0.16543483902367367,-0.4852556648287518,-1.0,2.1595036600252735
-0.2867014606128835,-1.0,-1.0,-0.4170561981798524,0.10887294782585522,1.0,2.008666337409858
-0.24201621521638333,0.3679906000890713,1.0,-0.6575488577458262,0.2777191222095786,-0.5268847375271968,-0.08877260721818084
0.371908602369142,1.0,0.22846151375172075,0.7264893984224823,-0.5749115876557627,-0.565674640007183,3.0258372303343495
1.0,1.0,0.9611154726550704,0.28755305624148736,0.22866778790018227,0.201408805270063,-3.67426660248301
1.0,0.30331936155777495,0.3865504720465518,0.9168154352660529,0.6304596590305054,1.0,0.1709060288618606
1.0,1.0,-0.3377361761472909,-0.2271102266240118,0.0766999744711091,0.01620261316541649,-0.1588195540077445
-0.9141068882562852,0.7321571003810585,0.7692350076448716,0.752287340095185,-0.5435427513187885,0.232930295751912,-2.030493784583105
-0.13845898984145233,0.12112013764255491,0.9161906429274792,0.2912481427319272,1.0,0.09626947518088014,-0.5743717491196912
0.7722417105695425,0.15959752965125493,-0.03765946374719786,1.0,0.42726132003278927,1.0,3.0641398408582536
1.0,1.0,0.03554407325692632,0.17624743558541867,0.5980574851405694,0.13880071126589677,-1.4252150251206899
-1.0,-0.15595814955901355,-1.0,-0.7207149060586955,0.5135611355184895,1.0,6.966693588240499
-1.0,-1.0,-0.35008873755672876,-1.0,-0.26002835182081097,1.0,-3.743717053319541
0.04917757020507163,1.0,0.4440688671523497,-0.7323499243613638,0.18769972951517233,1.0,2.2203704916390996
0.6977697165590484,-0.39148342365541255,0.6424436921642698,-1.0,0.0017820490462493455,1.0,0.18045795925600638
1.0,0.17291963099309404,0.5456097930166555,1.0,-0.3039499869085473,0.5146728595312899,1.4091523320530075
1.0,0.4546614505125546,1.0,1.0,-0.1676641877352495,0.44096371568424847,-1.4944309823170348
1.0,0.08341361689564253,0.21308742779715995,1.0,-0.9302794026361514,0.26917892618635375,2.8738900753755696
0.454294478106332,-0.22894507509797157,0.4917642108338499,-0.02826399429957016,-1.0,1.0,2.5908485538778923
-1.0,-1.0,-1.0,-1.0,-1.0,-0.7036449918199639,1.6585574184570913
-0.3806874259429518,-0.466924297695209,-0.582718432487908,-0.612997991797652,-0.3593567114549827,-0.24938506476345124,-0.5523916398876333
0.4129388922178192,1.0,0.5302531794223113,1.0,-0.46092858720663266,-1.0,6.237721604617446
-0.5965088754256975,-0.5947070120074013,-0.7836180095631462,-0.10803361986204241,-1.0,-0.978869677720823,-0.7837539561395077
-1.0,-1.0,-0.24699945810547153,-0.5117254951089608,1.0,0.9116768437897071,3.6454899820884066
-0.8708730269665047,-0.002564194059656355,-0.23930318249456084,-0.6574377716361457,-0.41774351405533505,-1.0,0.7344621768061033
0.35298898343289264,0.018301417530427015,0.09552449676909847,-0.33586886909033287,-0.5006783885575788,-0.9831355481955592,3.5227216015172718
-0.04788369685524663,-1.0,-1.0,-0.4368721622992995,-0.5659419292916215,0.00573865098967713,-2.245169801880273
1.0,0.8456423017462844,1.0,1.0,0.7473999175811095,-0.6229870672215173,-3.119376751747488
-0.42010935066126454,-0.6115806691737691,-0.9477955935579868,-0.49087236683058877,-0.20252260177870895,-1.0,4.22262930357694
-1.0,-0.2586603736694662,1.0,-1.0,-1.0,0.6194202211119331,-4.819742476684368
-0.5935328974846189,0.02073160239791133,1.0,-0.5003379074350673,0.7588019287858098,0.16861793406335357,-0.4143766973857507
0.1989355527171398,0.5727149541025187,-0.41744282220914264,0.32522145679162406,-0.9559698323818423,-1.0,1.6087820641742394
-0.861514355184118,-0.7165755488732934,-0.9683728832130241,-0.3582440037711889,0.6388835550117669,0.5656731237033149,-0.4991562193533636
0.04851828459299748,-0.44457660274664834,-0.11971045133587577,-0.5504740156177499,-0.13368344145361533,-0.14722187452717955,-0.34532729788881295
-0.026396260033238556,-0.9315107354987523,0.2131113707415611,0.7615779821770581,0.7829846487486056,1.0,3.876226765746438
-1.0,-1.0,-0.8732274781172242,0.8637628806383033,0.9450648136247484,-0.6350664984758826,-2.688039770560307
1.0,1.0,1.0,0.18593411531963633,-1.0,0.1300524250763022,0.39294239982720613
0.03413154119301576,0.46071014736949656,0.5916392547889542,-0.25696872020548656,-0.21708381871110505,-0.28191846410940125,-0.8177563190735865
-0.2650091688601349,-0.7846488150503785,-1.0,-0.18209655726343166,-1.0,0.2966061199839035,-1.1408730212116778
-0.5803421914221217,-0.8561320089366484,-0.4792604854146053,0.2515976792274722,-1.0,0.21278811240368056,-1.9723628858274562
-1.0,-0.6567236654733464,-1.0,-1.0,1.0,0.38573314834612554,-2.0567752545754505
-1.0,-0.023508792784933563,-0.27121149462157546,-0.28590228877288226,-0.5536219580152466,-1.0,1.129473412315588
1.0,0.25501683006516324,-0.7860174845472427,-0.2636142919095237,-0.07522634247587012,-1.0,2.6548131685890315
0.49601495106558763,0.8594599423079868,-1.0,-0.6998742034641426,1.0,-0.16665278815189,0.12752873770933906
-0.9424151691709857,-0.06380834538919311,-1.0,-0.4492806033458624,-1.0,-0.11839432546568252,-3.3014653203242097
0.12755984814395027,-0.7709067341058682,0.6416651965432585,0.3736056765027879,-1.0,-1.0,4.260699897799635
0.6314569163591947,1.0,1.0,1.0,0.1276475583790072,1.0,-5.932320762419825
1.0,-0.40149173110870334,1.0,0.8986099214419689,-0.2162143588637872,-1.0,5.000351936542573
0.8786192679240168,-0.2059046739760681,-0.97512828206508,-0.7196680374214237,0.38495517992151407,1.0,1.3909809395061494
0.055439687117635916,0.4145983077375273,-0.6302947101230948,0.3403597316522361,0.32338041675466594,-0.016816699797412293,-0.07545232508802711
-1.0,-0.7851200406686989,-0.7471609847905742,-1.0,0.20401182499553494,0.32342743876419333,-3.339643199291171
1.0,1.0,0.8921670627736011,0.7696452032876899,0.18670099811153296,0.019554067366349126,-3.880512928424909
1.0,-0.22892198896756796,-0.628152531798964,-0.48676380895722937,0.051950307041597865,-0.6469751188740596,0.954166965725754
0.8546103523141829,-0.30397582124105377,-0.27664283375373655,0.36727862831650004,-0.4832581863136831,0.21708830549695085,1.5997328601712444
-0.9520242644394035,-0.09077689527280952,0.21196323141978135,-0.9383566507351417,-0.2133881748935244,0.20676665086672363,-1.3179008464927144
0.012282926763028224,0.6930246888125295,1.0,1.0,-0.7089582195922159,-0.34921378266512626,-1.169531088145337
0.21678654293157765,0.8423002603079297,-0.3977317459813218,0.17776875270886527,0.5550457319098808,1.0,4.569074810846144
1.0,0.4031307420954289,0.6748656706785315,0.5525952097050874,-0.3817051844776649,-1.0,6.81777856380311
-0.1504439923811437,-1.0,-1.0,-0.21233908626646114,-0.5624723490121678,-1.0,0.6251957831594368
0.5414548060863975,1.0,0.4214056413948031,0.7640645414026341,-0.8184280984153676,1.0,2.797100514348477
0.5312993693557415,0.7126258338881126,0.8512322560137057,1.0,0.075980141091336,-1.0,2.423387827925244
0.8462408884385797,-0.07735634069492908,1.0,0.038358986359766645,-0.13929709333035112,-1.0,3.7637513365597126
-0.452067230393979,-0.06281559540452619,-0.48931530429478975,-0.28923422533823184,-0.48431183597171623,0.5201129032135181,-0.42838045870453423
-1.6892052393857604e-05,0.6067245994349627,1.0,0.4363968278945932,-0.08264407351201908,-1.0,0.9878117851425298
-0.05429651406848812,-1.0,-1.0,-1.0,-1.0,-0.6131515996338077,3.4763642717073626
-0.00591348213792342,-0.5045394425770077,0.03405709536244403,0.009932768277533335,0.1275289275665823,0.2553740078160882,-0.30093427962930064
1.0,0.5734509881504466,0.9033452592661602,0.8348261984850076,0.7956141765307408,-1.0,-1.7234870107022309
-0.6258906596619422,0.41508642360080683,-0.7389223875630038,-1.0,0.6351207772896138,-0.14717153452617326,0.19058233999147295
-0.113316246448385,-0.13337381904791443,0.5120857194319985,0.44002672396570647,-0.070187102201346,0.2100144109822225,0.045613791383049745
-0.773517180183847,-0.6076528808571688,0.1501013155911787,-0.20078956999420583,0.04993298741025842,1.0,0.888211820192313
0.30666239791871597,1.0,0.0668967804292635,1.0,1.0,-0.08348061883531954,-1.7847971004705123
1.0,1.0,0.07859113891516734,1.0,-0.9308418672845356,-1.0,11.204370522372347
1.0,1.0,1.0,0.9173353119384393,-0.15261076318549005,0.4785600508596298,-2.1393359614167813
-0.8559446456643127,-0.6883419027057496,-0.4653367118601298,-1.0,1.0,-0.1285044192055549,2.5088987536589125
1.0,-0.45799385697026523,0.2310378060913154,1.0,-0.03992070500845276,-0.45640890607628076,2.4628349776975824
1.0,-0.028561633974116263,0.6569460334766393,0.3582734611416932,-1.0,-0.38906091064399484,5.3274262445554115
1.0,1.0,-1.0,1.0,-1.0,1.0,12.79976613373138
0.5520747296685461,-0.8839338010151716,0.5385715233463555,0.8999860965366009,-1.0,-0.49942043094172606,6.132332314084861
-0.2992926552852906,-0.9922938929254644,-0.973532498099033,-1.0,1.0,0.39217818516560166,-4.7629227776477165
-0.5408187008967112,0.6085659635432656,1.0,0.27734505425238565,0.2603069800381961,0.9485663792330901,-1.105502428477461
-1.0,-0.4240003883081137,-0.4419026919941762,-0.6483477507143082,0.4223848294168012,-1.0,5.4057277801279024
-0.29647800762131304,-1.0,0.2603373084688281,0.6040348735113585,-1.0,-0.2927916715179222,2.2589030190989425
-0.735248672710312,-0.7482588816431629,-1.0,0.366635306278271,-0.8582784419077839,0.2215583209816896,-3.5339447178157983
0.008464588814436902,-0.5144033544435771,-0.9168986526063043,0.6003585076187039,0.9431171527701461,-1.0,0.6083732918442595
0.3184672510468616,-0.948116029075383,0.37742652916374975,0.5542011600650087,0.8585215258405471,0.40951449677058926,-0.18201490014280244
0.24424303534235503,1.0,0.1390856946321688,0.008770233427555674,-0.6028978057270874,0.5153915407157028,1.5628236077864326
-0.02911160128581577,-0.8496853055867155,0.24696243271458185,-0.06657015760108038,-1.0,-0.6829055890337858,3.06806018164599
0.2408259362697246,1.0,-0.321520978600036,-0.6603094759953707,1.0,1.0,8.565804737860905
1.0,0.1102454761562568,0.8919248146196594,1.0,-1.0,0.16864061286540455,3.8234413817640536
0.37104319923673285,1.0,-0.3310029200134942,0.3141421889707474,-0.2897426088642838,-1.0,3.474466151752193
0.3345450600444184,0.920450802969826,0.7057317992328171,0.9081075397494296,-0.017337879450318283,-0.04044776629498703,-1.039000444950326
1.0,-0.2273320164821665,1.0,0.4273583720864922,1.0,0.13791093749286698,-4.828608269843407
-0.6163936011460373,1.0,1.0,0.2794608713589713,1.0,0.5368238536028886,-2.493976762793876
0.27796229780718673,0.8929106529394379,1.0,1.0,0.5546386269988421,0.5206277580403664,-5.98480940657461
-0.46544698311861565,-1.0,-0.8958790701944537,-0.18557282924256535,-1.0,0.915295071864483,1.745654309494471
1.0,0.19045558279742192,0.40743701486534983,0.9575510463172315,0.0325373137016689,-1.0,5.774915163199301
-1.0,0.9846661716566623,-1.0,-1.0,-1.0,-0.6028271464564401,1.6376420251157895
1.0,0.7127323212454739,0.5080387919622029,1.0,0.1133202451308859,0.9860157400331224,-0.2616994223398637
1.0,1.0,0.45874557352886813,1.0,1.0,0.3970858885164673,-5.8010884652404435
0.9610788784510835,0.9113544791961616,1.0,-0.24453064972086203,0.9479165453500364,0.9552204230593018,-3.771218457632886
-1.0,-1.0,-1.0,-1.0,0.11173781618345702,0.3240059059868255,-7.200691257626796
0.17554942219601866,0.8255639530889842,0.8411846870909974,0.8472835126069778,-1.0,-0.490720096240006,0.022914553816696825
-0.277244156723484,0.6924084359757521,0.5748150533657228,0.68690805030961,-0.29037866155575154,-0.9974503681826836,2.309887936880677
-1.0,-0.580353451130414,-1.0,-1.0,0.3363025436808531,-0.32632744632603417,-2.5231781100891313
1.0,0.12642620364800328,1.0,1.0,1.0,0.5618005848500306,-7.008910540590378
0.1726578743617746,0.4736589911679595,1.0,1.0,0.2919485479677111,-0.9765188383182574,0.6135682308512427
-0.766679611508396,0.2682167965569284,-0.03438348800120106,1.0,-0.815395419803507,1.0,-1.4298430024160167
0.31700853783799215,0.24185936086435333,-1.0,0.08965202660714783,-0.943394203331791,0.008436780666144728,0.5139409786207998
0.408195263527161,-0.5927264603423064,-0.2923942250269205,0.2118901193478262,-0.5121970513601423,-0.3825541970802726,1.5492805083827745
-0.34049942550835155,-1.0,-1.0,-1.0,-0.6035869541691425,-1.0,3.4868340561324307
0.7157804409804198,-0.5525444612901248,-0.7622445622895622,0.620371521340751,-0.14074532179548238,-0.4616192138099464,-0.2260268467225989
-1.0,-1.0,-1.0,-1.0,0.4455969012372202,0.5158924618623293,-7.470718769308785
1.0,0.8341519735912202,1.0,1.0,-0.045052962036012945,0.13001501909187585,-1.0689283094695328
-0.07831706566341334,-1.0,-0.5293687141513779,0.35946795202031445,-0.3616004156305339,-0.8180296971334198,0.08901052711414108
0.40041790560997614,-0.32550661614645265,-0.45461887499233966,-0.4841854802446707,0.9094592213974775,1.0,2.6850158037732523
-0.30000696990984504,0.9858905112748848,-1.0,0.6140853076137119,-0.5191463989344933,0.24401833162042116,2.467941066563232
-0.9402619756501268,0.3900410451206972,0.24262973780492098,-1.0,-0.3157308672620336,-1.0,0.5593996279039459
0.4622230554574599,-1.0,-0.41890204728307134,-0.7412602275078144,-0.49115358103870577,-0.1948961417373698,0.8816874310568815
-1.0,0.01659348573935443,1.0,-0.37301247505360247,-0.36618646552252626,-1.0,1.7979287808888087
-0.7473677189879491,-0.0017660465294538907,-0.9578435759761414,1.0,0.8965075247798004,0.11155973240145231,-0.4144291888435195
1.0,0.35356764562895016,0.9992057641748133,0.21449920913412368,1.0,-0.2832521464057563,-2.7749159072342957
1.0,-0.18913989283458776,1.0,1.0,1.0,0.35591175700988764,-6.184640562156458
-0.46823682174997083,-0.08611792906942717,0.058768455221246296,0.6733703116017833,-0.9645054232951555,0.7328947623961574,0.3774027686727918
-1.0,-0.001001279728626514,0.1428444197186201,-1.0,-1.0,-0.9738258857361057,0.10043468626977609
0.5151589892159759,-0.5932938500736913,0.9265622867682981,0.7575070240389888,-1.0,-0.12289669410832271,1.567910940977556
-0.1446907697057133,0.1029225150508431,-0.41232402100647625,0.0488317863997878,-0.48169874583809613,-0.08975362496216976,-0.23438542526995643
0.0997837549991698,1.0,1.0,0.45954211013726354,-0.0997828901414779,-0.7731072101017871,-0.2170973718342465
0.5224081639995254,-0.12335086360011405,-0.6349177850250335,0.5941802497767703,-1.0,-0.8348524872978438,2.711523855261453
0.6723932514442176,-0.5099754212721335,0.37683380821422396,-0.0854613495770315,-1.0,0.8955348185542942,4.980752205175256
0.26004318944376353,0.45365461669804635,0.6468201983894275,-0.04257112451380429,0.5580190946895383,0.7562178580072315,0.17736942382111023
0.16303768007935615,-0.288991419543531,0.8433466512557133,-0.15173523426057667,-0.21522541596396438,-1.0,3.158258264590586
0.6087618798822274,-0.33442907607844374,-1.0,-1.0,-0.22465603711516813,0.20748038756580656,-0.19341033060355328
-1.0,-1.0,-1.0,-0.7753177341962336,0.014236414646771833,-1.0,4.276131477183322
-0.2127873089549457,0.5128177719416054,-0.17504513782472342,-0.29137695807747166,-0.18281087275600255,-0.28511633504286704,0.044413963654076405
1.0,1.0,0.8131557849697699,0.33580460265637524,0.6989468438565132,0.7860067130228058,-3.6148914365935862
-0.072143038812568,-0.2253701738004208,0.13179711497333169,-0.04521032699162841,-0.11320614197404455,1.0,1.0954825883587274
-1.0,-0.420652590021555,-1.0,-1.0,-1.0,-1.0,3.966596412808754
0.32980899075979403,-0.06975731667274121,0.7897868010184328,-1.0,-0.3247789126348964,1.0,0.15756839435878806
-0.21622660610227107,-1.0,-1.0,-0.9090958044223312,-0.9272810772225533,-1.0,4.065785726672367
-0.8719866706666815,-1.0,-0.4654425164378666,-0.3824858824337636,-0.27333566287962974,-0.03923900717910536,-1.6979082036881543
-0.5423774571703625,-0.8605702984292927,-0.35351506969235236,-0.12570392912557016,1.0,-0.4201725384616238,2.001314759216622
-0.7623554760630741,1.0,-0.2502671235653783,-0.6800656211532973,0.13867494523496207,-0.014504253041216275,1.090603615508719
0.561989182589701,0.09361513336038302,-1.0,-0.8697050523728886,-0.025250569959715086,-0.23804190729646152,-1.5853296406610127
1.0,1.0,0.17790232535362938,0.16203821254812567,1.0,0.9245047932787878,-0.11569855810003099
-0.7894357102117506,-1.0,-1.0,-0.5363668174735654,-0.11755072331736427,-0.09333897350935928,-5.358593456589261
0.7949142625545463,0.8163188594577412,1.0,-0.29612347555879387,1.0,-1.0,-3.633847859931751
-0.30121328706388306,-0.10480199904457338,-1.0,-0.22993836272123747,-1.0,-1.0,1.6547221548449427
0.23457522232080524,0.8056829734049453,1.0,0.5313688960578624,-0.518602275600073,0.5844529125988339,-2.2404525080471585
-0.5022454800918955,0.06058825159447623,1.0,-0.3117876336754928,0.916825833410244,0.797320794210894,-1.1050863616025426
1.0,-0.04958142297153645,0.14766450840533313,0.9250939298531367,-0.31367011269306544,-1.0,6.927668829665293
-1.0,-1.0,-0.2842106425169686,0.040991487717740416,0.3766810960241352,-1.0,4.563427841126462
-0.5326645529980062,-0.6617508358861218,-0.5200457188446368,-0.6645820389178847,1.0,1.0,4.382785195920793
-0.0645441904780999,-0.23947285336763635,-1.0,-0.23446348868091255,1.0,1.0,5.831501698256718
-1.0,-0.17521661796969035,-0.6422059302369716,-0.7931039923192187,1.0,1.0,7.497009342184175
-0.5639364118900908,-0.48146902547194964,-0.45911957448246254,-0.6603815247694871,1.0,-0.20718732791006683,1.4389693858084127
-0.4745301251813425,0.10191882939881813,0.8146611018025189,1.0,0.9651423474746299,-0.34908590213168345,-0.2611075186036519
-0.692191336279415,-1.0,0.19010329054790037,0.42010880559191327,1.0,-0.6489192163522732,3.2712464580502405
-0.1076747673279016,0.16262768108667788,-0.7826414105193105,0.026145149099258913,-1.0,-0.9954493930668664,0.9473612478384914
0.4956243047025266,0.8391182619550774,0.599781339213575,1.0,-0.46088338821896546,1.0,0.5361133430946349
-0.6804168590076383,0.05413947562728294,0.05727359826723738,-0.7916367543037346,0.1387704556136004,-0.09709272177026351,1.1376288898952103
1.0,0.5283369763072929,-1.0,1.0,-0.4674251321431318,0.3253223883690258,2.30859578285358
0.36209680913350245,0.18204161889755455,-0.31340066516684784,-1.0,-1.0,-1.0,3.791347702219208
-0.3891699831587254,-0.5503970494767952,0.311074836372252,0.2870112024331465,-1.0,-1.0,3.4371964641377692
0.5273269609128398,-1.0,0.3060200681141898,-0.4324587508865898,1.0,1.0,-0.5720655134498189
1.0,0.7385356404593637,0.6115346377355901,0.710138377987797,-0.20764652771766723,-0.6043260149031722,3.2040606748829927
1.0,0.5543903712408238,1.0,1.0,1.0,-0.7387820076833895,-3.815084186963391
1.0,0.38081898179629814,-0.3345220865238767,-0.00274094102534779,-1.0,-0.9158297580504295,4.981582283171445
1.0,0.6446273694091091,0.13314077708816216,1.0,-1.0,0.6041907513838047,4.9775389986815615
-0.24230691204042276,-0.5787626846804861,1.0,0.6338799210351974,-0.6651626208400178,-0.739123846714872,-0.40671231121372065
-0.6206611961459053,0.21638630897764122,-0.014646872825482715,0.1727383169181348,0.38619141956362,-0.5043517271621076,0.8307633978796694
0.32348244842982804,-0.20998902203005637,1.0,-0.021806346255381415,-0.842395075147782,-0.7913871924885544,2.374350860741499
0.867466437491694,1.0,1.0,1.0,0.6235120321322483,-1.0,-3.5652748596696378
0.6939255062918044,0.1613910947771382,0.7062358911055522,0.2626265457709067,1.0,-0.24577563593659768,-2.1559678275194827
-1.0,-0.7950486330085409,0.7195985380608819,-1.0,-0.7310785680029565,-0.12239583280891575,1.1161232860173036
-0.16036319481017747,0.09987805873583988,-1.0,-1.0,-0.4322498836199007,-0.08764368037786431,-1.7364092081364033
1.0,1.0,0.8477232022598515,0.6926971003222209,1.0,0.40822069554488083,-5.807433159311526
0.7594089907608081,-1.0,0.8405724414544649,-0.4850126715356168,-1.0,0.06569311043930087,7.529092651814322
-1.0,-0.12198753999113843,-0.3536167069236815,-0.9132901359888383,-0.5377154822334815,0.6355597181526927,-1.3071743899295352
-1.0,-0.09222470870970634,0.22431307157858382,-0.7521703234012791,1.0,0.5540037338886967,3.7651478572747448
-0.6406793180047847,-0.5284435913574319,-1.0,-0.08723166543929017,1.0,-0.45441305286258293,-1.4950625291750557
0.14961412307581956,-1.0,0.06976617187257034,0.0176499468949608,-0.803666400957664,-0.8426877817372382,3.2666213696582806
-1.0,-0.11933454781200037,-0.3899221324807954,1.0,0.039819564442878264,-0.9045113996565513,1.7529231189345744
-0.035450504632904556,0.8640175255144291,-0.11654367417999972,-0.26651681917932873,1.0,0.045952768606764116,0.8597475355764715
1.0,1.0,1.0,0.9660043361561426,0.5725428863885833,0.27631973492447176,-6.952109986631767
-0.431555536733761,-0.5862022230734896,0.6503475277650159,0.36126948757373684,-0.17569922161687934,-1.0,3.011163517567445
0.8700945454965473,0.5888902360782788,0.8388424840659675,-1.0,-0.4723797753076717,1.0,2.4921648751839585
-0.4919530880869113,0.8587978514836222,-0.28865954784096504,0.2026629285453237,-1.0,-1.0,0.2987133196705364
-0.19422275159462443,-0.1913496944023685,-1.0,-1.0,-1.0,-0.48256416279229986,-0.7790185312242375
0.3396613079902737,0.5276952970169771,1.0,0.9487552513614887,0.017039944336235124,-0.6862572047525489,0.42645222762374746
-0.41452847418810834,-1.0,-1.0,-1.0,1.0,-0.5154034963314256,-3.19670711710391
-1.0,-0.18531394751575925,-1.0,-0.1467185937352744,-0.5460892881512444,-1.0,4.371200565162824
0.5531244721016544,0.9693125139819856,0.41422181612167447,-0.01773193853137156,1.0,0.7469612157094714,0.3307131151100001
0.8400875380350508,0.6883633660920483,1.0,0.9846866293877803,-0.021551700820763908,-0.3875903676409524,-0.3141365365513352
1.0,-0.21027141569557134,0.515033340507508,-0.6570118016003718,0.8896940404584877,-0.28147538427452523,-1.0613962482907522
-0.8161871478881879,-1.0,-1.0,-0.15972847197090173,-1.0,-1.0,0.16682484573796763
-1.0,-1.0,-0.34129543448910127,0.04041882974148581,-1.0,0.6329017449806307,-2.5213813240885248
-0.18937684471372362,-0.8914757925462162,0.6711447872899481,-0.12118327729378889,-0.6421674288940022,-1.0,4.546353052363708
-0.44055853447847326,-1.0,-0.06145388260502105,-0.4174517599802738,0.6481471256767521,0.9759074272674046,0.4949121141197882
-0.7888277074253087,-1.0,-0.394884166106374,-0.42149241221305833,-1.0,-1.0,2.7372486975683756
-1.0,-0.6452448784406482,-1.0,-1.0,-0.06567185158133482,-1.0,4.134746152678579
-0.3339446973459441,-0.8133113985450386,0.7735197353068697,-0.7136555405611896,-0.1005609584864331,-1.0,4.5867800790870445
-1.0,-1.0,-0.8251746802901785,-0.7125587393986197,-0.6084565309269943,-0.7629803295158952,-0.5309406728950482
0.20311837617980422,1.0,1.0,0.2719048741861221,-0.4255682656441358,0.3808181156085857,-2.418665068300157
-1.0,-0.16957920423071304,-1.0,-1.0,-1.0,-1.0,1.8440554897540058
-1.0,-1.0,-0.2123519852522633,-1.0,0.8862823734898377,-0.8437548284094222,6.463055785327011
-0.1114351952752547,-0.3357116017364121,0.8468848452638389,0.9097067845236398,-0.035535818754751536,0.11994356837091591,-0.4263850273633726
-0.3775992236346186,-1.0,-1.0,-0.2835893296792799,-1.0,-0.7840183377458652,-0.9276404454160656
-1.0,-0.9676822660452041,-1.0,1.0,0.0013087579231196855,0.4057113174849978,-5.7262829708955705
0.19676228396657014,0.19261740844808858,0.6595240704945498,0.16629807457879497,-1.0,-1.0,2.181292718123263
0.11096592130978666,1.0,1.0,-0.21675621951990925,-1.0,-0.7149521836974397,-3.013089982841819
-0.2888807510432885,-0.0817364126028231,-0.5672533017276142,-1.0,0.9308302015490177,0.10253018450630014,1.91724339007382
-0.8900279526056117,-1.0,0.4189034244408225,-0.26922193983619014,1.0,0.3132708361419802,2.538512683786029
0.40714536377922406,0.09591778519978156,1.0,0.8322730762656215,-0.6374539646286173,0.579331245675953,-0.6779565424199592
1.0,1.0,0.9884148030738118,-0.7608165970785782,-0.21812399576501829,-1.0,-0.3702654460387313
-0.757650061585235,-0.5394926990280162,-0.8373216146145883,-1.0,0.274408619989154,-0.9707427187025798,3.971634667671454
-1.0,-0.6449731837850701,-1.0,-0.9914079305698785,-1.0,0.37739221197196504,-2.3143854990049397
0.2699313021162303,-0.8794751097475297,-0.3744333761776746,0.32994354408105686,-1.0,1.0,5.203466283745766
-0.5306507363305486,-0.47062718273177145,-0.7166976300255804,0.5350090304690346,0.04270246727524463,0.24116284935746266,0.5974958175456049
-0.17662183679916715,0.48223796908804367,0.9714229996125217,0.7132132045443498,0.38324341833206776,-0.9371093056588203,0.8737993995972752
1.0,0.03638680669949984,-0.8969046226873393,0.4169288529248494,-0.5524008437412511,-0.6348604277146711,2.765150388348744
0.4865436522234468,-0.1946480172526679,-0.7793500152514212,-1.0,0.21651707861509212,-0.5739367912822557,-0.7992052546452917
0.39163408150554435,-0.6350151958939783,-1.0,-1.0,-0.6747500723724513,-0.5082799211999085,1.5495863573593502
-0.6373141790444243,-0.5416272820739698,-1.0,-1.0,-1.0,-0.8497955786492029,2.387761236223523
1.0,0.31184441037724003,0.7200404937554605,0.91315331149072,-0.28361448004950496,-0.4540274693172851,3.1361582757845734
0.9334690384711716,-0.3178213670782586,-0.6126213492250414,0.2912133600930954,0.3281161289985798,0.7750992609961831,-0.3856485122368882
0.11014660780227842,0.6121150416008986,-0.18382562832871405,0.5937073154869015,1.0,1.0,5.0263508405659065
-0.1957878307280706,-0.6002311022098221,-1.0,-1.0,-1.0,0.8679329218633064,6.179481213176366
1.0,-0.04006481702341447,0.8650649569299262,0.3929187585270407,0.212253113989878,1.0,-1.4113953008086113
0.07005190359979108,1.0,1.0,1.0,0.2214315281675008,-0.4526273220114106,-4.561526207016596
-0.5905369732527519,0.06053922906338649,0.24143040810134098,-0.17943107616718143,-1.0,-1.0,-0.8946990152180916
-0.04011832377937041,-1.0,-1.0,-1.0,-0.7231251295454625,0.30116491579029914,-0.44902212779454104
1.0,0.2995899266172327,1.0,0.7288865387049157,1.0,0.6827928399223241,-5.934125449003027
-1.0,-0.7853110466726755,-1.0,-0.26618157678414756,-1.0,-1.0,1.5856298068670647
0.20719708393214697,1.0,1.0,0.4444627793720035,0.12535555550748734,0.0017151459419210702,-3.220075826881416
-0.6515614901097089,-0.32071524383039474,1.0,0.8179162460644425,-0.26005730860294696,-0.4675072905679061,0.3625360383614944
0.800853953465957,0.16074420599577421,-1.0,-1.0,-1.0,-0.24566832000036976,3.9326268238386435
1.0,-0.6492150747546317,-0.4653241364480891,0.22255119363365122,0.7254351595733974,1.0,1.1010663862929246
0.7144213668437611,1.0,0.6786133627023896,1.0,0.34930295705308956,0.26391649877336354,-3.2268897543865407
0.09446253984916309,-0.02781796864407493,-1.0,-1.0,1.0,-1.0,1.2942506909370437
1.0,-0.5172270582293137,1.0,0.6248355141260542,-1.0,-0.9495563464082126,9.375919265895366
-1.0,-1.0,-0.5609056045317486,-0.8690752447821493,0.1469411248837022,0.8432376108149835,-3.4759549649804895
-0.061201954399145775,0.7790576298840655,-1.0,-1.0,-1.0,0.48367614831110933,5.106726412285144
0.8287754637004682,1.0,-0.19823357652552084,1.0,0.7556200818215937,-1.0,1.5109494213698007
-0.9393289737957778,1.0,0.0075942454759248545,0.32434363495830953,-1.0,-0.21369853767989078,-2.058422497105601
-0.447514474795959,0.09629152177127087,0.11714629333699644,-0.31762157469887486,-1.0,-0.06508001262661486,-1.442078172427906
-0.1373146677668775,-0.3903550200315219,-1.0,-0.6700379736169265,-0.3366286426812588,-1.0,3.3597876572229177
-0.2806601902583177,-0.03785155235156312,0.6621578086078128,0.6098963982338308,0.4149955884624014,-0.9289953109759108,2.5301902518265393
1.0,-0.18358271084296654,-0.5701358341804167,-0.7290008518907416,-0.15766449268812122,-1.0,4.695178583197924
0.22477794196284928,-1.0,-0.11534361789985503,-0.9134680604741834,1.0,0.5615025089076313,-2.4611475126661873
-1.0,-0.8235711079735412,-1.0,-0.6491911120638377,1.0,1.0,3.6650402166282134
-0.5667677562330227,0.7815408834740045,1.0,0.10324751990278491,0.199799681004786,-0.12198962411752229,-1.859390385196257
-1.0,-0.7962692652291443,-1.0,-1.0,0.4437190780568227,-0.6174014695665542,-2.000009802765965
0.9363186962456584,0.8589173192587026,-0.434347579060412,1.0,0.48885844912990606,-0.5147008821426431,0.2969027030284806
0.352354612204752,0.41297126988686617,0.9949864009406477,1.0,1.0,1.0,-1.9198185386850142
0.5491198714746344,-0.24851574996710193,1.0,-0.00036439767936036205,-1.0,-1.0,4.053099383387581
-0.1069650507310489,-0.40469396638670574,0.2893433860170729,0.31789726922648986,-0.737449022573009,1.0,1.6127997091737631
0.8893151355451137,0.4477078413532022,0.6898912803414406,-0.36327060145819956,-0.20877943488415568,-0.1200069886059173,0.5661975433479297
-1.0,-0.8636033189420123,-1.0,-0.6316741230378812,-0.7365171220267412,-0.5875433807960505,-1.3743971332526772
-0.24291846301764897,0.8702975971633361,-0.07992064024824408,-0.31684829954145477,-1.0,-0.5384833858596767,-1.0966927820776622
0.31187728644678037,0.542765578321538,-1.0,0.7127337849672593,0.7781067236540762,1.0,5.207466443001927
0.2284101548920768,0.379669686005345,-1.0,0.3450322287798211,0.7576559019210971,-0.6471533254167189,-1.197977148823745
-1.0,-0.025562959962012903,-0.24786258213419954,-0.811514632930891,0.4996798280729473,0.892894276283489,3.4424336059251326
-0.15187932316347164,-0.9821667569163244,-1.0,-1.0,1.0,-0.9827832781183896,1.7931808103160487
1.0,-0.025980017395432486,-1.0,-0.9408163346519817,1.0,0.29545326986893383,-3.1463308247733734
-0.576722444824828,-1.0,-0.6075779736040317,-0.7789913244626612,1.0,0.1959377475342332,-1.3849299644880393
-0.5530320524078771,-0.14479685993746938,-1.0,-0.6634061718427102,-0.3001505744652537,-0.8286200036745568,2.7570911211547564
0.734240244769015,-0.12307507987240454,1.0,0.7435043243218572,-0.2869156423058252,-1.0,2.9199802924444436
-0.45923108221954934,0.45218669862302163,-1.0,-0.1928401426537265,-1.0,-0.4704028968243814,-2.2131817203864315
-0.30199697543179355,0.751082877396385,0.5241018747322505,1.0,-0.9654477247209508,-0.01196831777842311,-0.3160589770708485
0.15059641955041791,-1.0,-0.49158115944697955,-1.0,0.8850977896041315,-0.5407117560088595,0.9612153944998298
1.0,0.7603122372001159,0.7700819512918098,0.4552624908080558,0.11483107969990802,0.014803526474627016,-0.35269836099865637
1.0,0.65665040719376,1.0,0.6304831494962282,-1.0,-0.6150845977957726,5.628800024437455
1.0,0.481737886564771,1.0,1.0,0.3335552249099114,-0.399833209445311,-1.3548505224269298
0.3143349378681104,0.8897164178639487,0.2729172077056085,1.0,-0.6462960560542104,1.0,3.3237266820785054
-0.3452849112416666,-0.8986438099109119,-0.5202479615348184,-0.3962007067202665,0.25896740904872717,-1.0,3.7552816476926756
0.6417154495578816,0.926192565425799,0.0773740700761203,1.0,-0.7037469159458773,-0.2916023226618931,3.7245818167403244
-0.6644636999795159,-1.0,-0.8153005480717783,-0.8838131183669748,1.0,-0.22903971323517291,-2.7940612179637387
1.0,1.0,0.2950266248818474,0.11211934321034478,0.1243681752144607,0.23135781215133555,-1.5836312303331797
-0.11621278239563732,0.8188418349915578,-0.8824924732401673,0.5718669225919905,0.09200390745601117,-0.8651239044093428,2.606896414219716
-0.26788360972564684,-0.6038081948663236,-0.1992945798145913,-0.24663531944553996,-1.0,-0.33374299880932673,0.4652641804233525
0.8406068724682181,1.0,0.8766472810256035,0.1886361364719759,1.0,1.0,-3.676845357226135
0.2621811557312905,0.6090931229847245,0.837131886419854,1.0,-1.0,-1.0,3.5922257877723123
-0.3578360555755917,-0.9959489260425483,0.009945102840801634,-0.6208376210482689,-0.5310542434718531,0.02854075097507417,-0.006432419143754642
1.0,0.49033507460021064,1.0,-0.30846204785361825,0.4265100886837062,1.0,-3.213155957560651
0.11105382477980258,0.9018404320598097,-0.06791466303759075,0.008717094970221106,-0.24722635592874642,-1.0,1.867294543828718
-0.7684873322571737,-0.4224241729900809,-0.5964447296173435,0.790082326608448,0.871515184688029,0.11893013837094979,1.450941675802564
0.620843940107818,-0.36729867459264787,-0.867604914148056,0.27933613275715696,-1.0,-0.7242438281386392,3.6583268397329247
1.0,0.2605716223061718,0.7281728147381339,0.045134570466027535,0.5762539523582735,-1.0,1.5903780233641365
1.0,0.15838363186905946,1.0,0.8747738567091432,0.007550479134821375,1.0,-2.936939033457895
-0.6653781785422077,-0.8007070179603579,0.8287848977498463,1.0,0.3003218268257555,1.0,-0.3488745596113675
0.597978286916905,0.27399401265744994,0.04906500989508844,0.8139484322497025,-0.8505490056718075,-1.0,5.89863959635784
-0.9019305948902882,0.048220094528724666,1.0,0.3002293999142313,1.0,-0.24900681323946028,0.205791602624112
-0.253893900500644,-0.4702823003968578,0.9652116638088464,0.16557195451968265,-1.0,-0.18044681526280137,-0.5992626199616689
0.16019490431607625,-1.0,-0.7108169619594733,-0.8654842146802362,-0.8712723769414954,-0.8013628726436647,4.531869158752497
-1.0,-1.0,-0.8120929683681519,-1.0,-0.2725377411108397,0.3490469989231757,-5.729359992307422
-0.5354849578411751,-1.0,-1.0,-0.6825574121476492,-0.32300584149773925,-0.9478345826628306,2.757234820067421
0.15245745918750506,0.7157883197561656,1.0,1.0,0.8112707458180588,-1.0,-2.2789652388253825
-0.31795411051722017,1.0,0.4430881385092398,1.0,-1.0,-1.0,2.5440657294139912
-0.8748333284106562,0.6494938769249626,0.026151048500394403,-1.0,-0.8713376860313311,0.3988096484013362,1.8319598180070422
-0.13879582382983746,0.4473324186365244,1.0,0.04726337724766627,-0.905029829901379,0.37071202381059487,-1.9528052841843175
-0.640154895122907,-0.9332219789191349,-1.0,-0.22133328734141666,-0.5747847288799048,-1.0,2.4034296598707163
0.9638158026876772,0.2040815004270653,0.16580279794429809,1.0,0.6476856037757612,-1.0,1.537557179453249
0.6636054394400165,1.0,0.4572088224282451,-0.6566074771513774,-0.9397606363206519,1.0,8.022909157344419
-1.0,-1.0,-0.6295467707459821,-0.5419957645406157,-0.6547200688505519,0.8845239942317671,-1.6914380442154135
-0.6523828404790228,-0.8037429873974189,-1.0,-0.08516268088017576,0.31702288484319424,0.9472164553494887,3.2184775837088937
-0.9428159620142663,0.129891270968524,0.22040994764894517,-0.17647683045373921,0.24644875973809566,-0.47223677449802537,1.931440270972454
-0.23644284480822747,-1.0,-0.7519726597133174,-0.6391990359794194,-0.1906117930540856,-0.4748563630369562,-0.8981451334103238
0.6296341941803372,-0.3881426619708973,0.46392388132524254,-0.7224531934435857,-0.1665290814682432,-0.9685179796967094,6.067311787787334
1.0,-0.6287695530585911,-0.5933392313154522,-0.6349797381549718,0.1927160160844955,0.21239073256058363,-0.4449846935362034
0.9004194200029809,1.0,0.23179487898762965,0.9358280998779194,0.11021878715381,0.5814408736357662,-0.24784037292182814
-0.9112922840458904,-0.18094031642191788,-1.0,-1.0,-0.8594982687118204,-1.0,2.6748484223961024
-0.418645788026779,-0.9756658998140937,0.22296773877990553,0.7557757689417378,-0.001468309315411448,1.0,2.158992252587338
0.08072456569413977,-0.49341939616119607,-0.06666057274265379,1.0,-0.9517069438962562,-1.0,4.194845137117879
-0.9287146391890998,-0.9017147196954748,-0.21749214130764968,-0.9856496137642923,0.12177911231830921,0.08318398903861397,-1.5691584859114485
0.7157267520283503,0.41971551834469906,-0.4694033693714773,1.0,-0.8829668731184724,0.49273403779700153,2.8576548726605893
1.0,1.0,1.0,1.0,0.45421041005381735,-0.881175775940427,-2.4614850274204416
-0.933038172749681,-1.0,-1.0,-0.745746945327167,0.44270042354918515,0.5630228987100463,-5.733794798136957
0.39651872838555313,0.9795834568258448,0.5268065214648558,0.24974299140615686,-0.7196446877344573,-0.01346582044176542,-0.48439272555640317
1.0,-0.33313484216472755,0.3254387914040108,0.6251988416792953,-0.61074902413344,1.0,4.897937650293663
-0.872132965148715,-0.5900838583266236,0.040341549655158904,-1.0,-0.8369386254337454,-0.7896602566978765,1.8489740529185372
-1.0,-0.2574288048060954,-1.0,-0.3509397439995392,0.30371537647756175,1.0,6.630575827769497
-1.0,-1.0,0.13094010532696265,-0.833862190186669,-1.0,-0.2059769773964064,2.23855445199368
-0.1801219116841577,-1.0,-1.0,-1.0,-0.07919774075117958,0.21324395206032143,-3.4296019380523854
-0.8754979606263649,1.0,-0.45698849643652106,-0.332906730056019,1.0,-0.9871285294873152,6.2176834004132635
1.0,0.9931774889288001,0.08973537893147049,0.24393816138204083,-1.0,-0.09121299976376718,2.217859127008449
-0.7891840511957311,0.9077119266038897,0.022095518109318035,0.2049022193304597,-1.0,-0.10906221854909415,-1.4078900933580245
0.0634388793428956,-1.0,0.12360016477822369,-1.0,0.4845373220286304,1.0,0.12913287371870308
-0.260084494930082,0.946682345235514,1.0,0.4709478056440436,1.0,0.6304660263760631,-4.518197017936458
-1.0,0.07557984594565614,-0.9067863950033592,0.880769590977741,-0.5458352388379129,1.0,4.514624052505093
0.5753450020606388,1.0,0.9018406949976152,0.17220986370281377,1.0,0.5160413874685896,-3.7381401596809316
-0.17034941583659646,-0.7952806033016573,0.2167042719248775,-1.0,1.0,1.0,2.3839121778285413
0.644304756489998,1.0,0.6205904873367799,0.3576635376697281,-0.3198603654886705,0.12452522178435571,-0.31684001438660003
-0.03233986756145901,-1.0,-1.0,-0.08882571848561849,0.2734164076073783,-0.42374527788500527,-2.3887004826358886
0.7124419219720994,1.0,-0.7021029493829158,1.0,-1.0,-0.9425023196850668,9.34350723555795
0.46611846015653335,-0.3058119346917004,0.8030043879064008,-0.1106486315353653,0.031779537188312945,-0.22580017838619237,0.40062592792136165
-1.0,-0.8610911509484414,-0.8448334107041378,-0.7827963662661765,0.4558409031740358,0.7507964549185232,-2.155304636908454
-0.8397685690562603,1.0,1.0,0.8809565495474317,-0.17712493787742822,-1.0,-0.5814228999366047
-1.0,-0.5516851519092582,-0.6773620327127087,0.12615736234249908,0.1292326415797361,-0.9977333836767948,4.0130792874264465
-0.40630411762154967,0.6062419558162062,-0.49995584295644746,-0.9217597753120628,1.0,1.0,9.589824847501516
-1.0,-0.5416850603333102,-0.5685738525525691,-0.8430739569146608,0.09308236347806764,0.4298917040075669,-0.92531168457956
0.8956945284347471,0.49426758891582234,1.0,0.10912025042575735,-0.08996837777744027,-0.16825520295221952,0.5321666556284055
0.36244698948980913,-0.2965906016949408,0.04064259920774377,0.36912708079331885,0.7204997249574734,1.0,3.484333801261234
-0.7993887312496964,-1.0,0.7565593606068897,-0.0663675540191941,-0.5032526672161044,1.0,-1.345279466791898
-0.5279060644794675,-0.9490679629474267,-0.053914476352741755,-0.01357332380790921,-1.0,-0.9023020941332995,1.4344521149457168
0.0018255481043021327,-0.8895898182920272,0.6839113629204003,0.16562720259282804,0.8201193800947891,0.967140985401068,1.4127695097761768
0.12417255532576323,1.0,0.1497323915166968,-0.3432988373439163,-0.9212190070924728,-1.0,-0.10150999022018115
1.0,1.0,0.5729133116521326,1.0,-1.0,0.5279488886682104,4.912692812196954
1.0,0.31225189856353675,0.4729267162805053,0.5036485580669771,1.0,-1.0,0.2684611440369066
0.10920135317238214,0.5009527300781156,-0.33905092130121767,-0.428054227526643,-0.1578346226973648,-0.0049348362398341505,-0.03365381335051093
0.21398530597851645,-0.3811125423157942,0.9570197357965463,-0.39965243544761897,-0.9017750449191099,-0.32950451028892136,1.0713711566623125
-0.16958806886832006,0.1828569588589813,0.5470950325115383,1.0,0.07815241576811072,-0.3845172123420053,0.026660314499293347
0.5105409764179468,0.6331253183714607,-0.023521832626163364,1.0,1.0,-0.0012176217058361208,0.06430315662204067
-0.06875033378335638,-0.3927113065803876,-0.05705501691974267,-0.8606270926355932,-0.4658569387964528,-0.2582471571688527,0.4318419574518419
0.3317220581234581,1.0,1.0,1.0,1.0,-0.7099681426006431,-5.996414699349924
-1.0,-0.5043731015545698,-0.2975230153658944,0.8965450061945613,-0.9540538663130207,-0.09158258607122892,-0.920189164245314
0.32428219227228056,1.0,0.004024490094244715,0.4648117022287229,-1.0,-0.07692064980867785,1.407511101215374
-1.0,0.04632636546540181,-0.04602528619487836,-0.3647703947463064,-1.0,-0.487796139915899,-2.0794850898760178
0.3394981152297072,0.26466351725210163,1.0,-1.0,-1.0,-1.0,1.7796982585672811
-0.11551721947298582,0.9712506364286487,-1.0,-0.04169039074642314,0.48873853906300024,-0.056907550852006966,2.4693217721042426
-1.0,-0.9895997754488566,-1.0,-0.39214015127817614,-1.0,0.9681396057538526,-0.753498289434245
1.0,1.0,1.0,0.9161744357725953,-0.7773743243751197,-1.0,6.728206631804666
-0.18844700266282532,0.46805137287466597,-1.0,0.21949334276433025,-0.3038983443917913,1.0,8.459775002382774
0.02695448210292456,0.9272393350812347,0.008224793541922598,0.11618061233771393,1.0,0.5719892050298869,1.611633972578236
0.37228903499392174,-0.343131942373366,-0.16798702816469868,-1.0,-1.0,-0.6912783759045349,4.329468010323928
-1.0,0.13352829239280448,-0.48672487549556553,-0.8009404785955093,0.30616386452583405,0.39760531571716584,0.5229946045294411
-0.13693339992624287,-0.2673899280573756,-0.48598510812937656,-0.5089043399066079,-0.3369172520826722,-1.0,2.6255388777249777
0.018263844802279938,-0.29121077570442666,-0.9966074564416088,-0.2630585821625455,1.0,0.46507781952348815,-0.9311081144931849
-1.0,0.024185422668721035,-1.0,-0.3035700484052844,-0.36499788793990495,-1.0,4.918741440900582
0.6074862668339072,0.690195037073413,-0.6167695076355351,0.9915467435115028,-0.8010260320490955,-1.0,6.016027942389281
-0.981671458529159,0.11439963367844436,-0.4625946048411353,0.48297836132528765,1.0,0.6323015993513622,4.484350552949465
0.5468622774169747,0.8930424533264107,0.19959426651151202,0.268870590955427,-0.9622154619219903,-1.0,3.756961412295819
0.03863133260751295,1.0,0.4218516220797246,-0.040967475589250846,0.6262004099321257,0.45590531848333504,-0.1495062351727601
-1.0,-0.6333700236507471,0.178599738924483,-1.0,-0.06961851403091912,-1.0,4.223181876813242
-1.0,-0.26028630309102674,0.00911483752393083,-0.2495711788822459,-0.8918340208147821,-0.289174388721175,-1.6136043935119646
0.8479140937017566,0.13089382539172423,1.0,0.9053685902823012,-0.40714447317766167,1.0,-0.9395623226699191
0.6227704942818102,0.6500703193883921,1.0,-1.0,1.0,-1.0,-1.8208289018156987
-1.0,-0.6476486991774779,-1.0,0.08497828653417705,-0.7867669377581021,-0.26610810559166787,-3.754331758873482
-0.3846330673832228,-0.011747039363869338,-1.0,-0.08329741911966448,0.6688052253479319,1.0,8.54108427012581
1.0,1.0,0.2558620993075851,1.0,-0.5031351832459949,0.642058988792839,2.890885857412564
-0.9335573566446361,-0.6758997733290955,-1.0,0.006528739269672457,-0.34079523871842204,0.9945614530612283,4.5628618913739585
0.45597580355723555,-0.2604048628513219,-0.7429686885691353,-0.6615862375188042,1.0,1.0,2.27147862633604
1.0,1.0,1.0,-0.31056252018893943,-0.8903475311404971,1.0,2.2798666105179755
0.9950260799095757,0.49016149989881347,0.3335906593303948,-0.5000777654186805,-0.14851475234975098,-0.6112688104988027,2.11324023215371
-1.0,-0.5837383946645096,0.01094199952097652,-1.0,0.3082248046098245,0.37312060533701336,-0.6812084566410396
0.4053978294834356,0.20739740280553587,0.5488483186616444,-0.43485360940339013,0.15040058469935869,-0.1929684903155826,-0.2593458262537168
-0.08878330846741633,-0.4955694958286976,-1.0,-0.942596252769065,-0.7295061999242969,-0.721946985625078,1.5025286905376012
0.8156171491309454,-0.2165605191908353,0.4359152830376097,0.35716262788904773,-0.6504393658129699,0.11581763606983775,2.1204599015663863
-0.4724492965176868,-0.3383015605852162,0.40469984999758213,-0.8354891154261088,0.18826893992058147,-0.535373397663959,0.8338058838708614
-0.5803880852023932,0.013666003862414955,1.0,0.7888276935391068,-0.8652714251149894,-1.0,-0.23767721437122857
-1.0,-0.4291928865833093,-0.07983232467660784,-0.24943078957594889,-0.5201068045080858,-0.7254295332376237,0.7301624653118157
0.7403393408531893,-1.0,-0.6955067846865088,0.3630272221130307,-1.0,-1.0,5.589071733385302
-0.6035076142429282,0.7054377469397592,-0.6750977284826806,-0.37738062339494405,0.6838609034414441,-1.0,3.1765431205074286
-0.4356404066914904,-0.47404862060899555,-0.6845443518137698,-1.0,0.9488352447774715,0.43034553674280107,2.1529967779520165
-0.29367123690938146,-0.5928996833814386,-0.2920700036406806,-1.0,1.0,0.2523606832345098,1.3502881678736345
-0.6927865266605159,0.5895751253426987,-0.6786596558495676,-0.3308299437323554,-0.37204157257032566,-0.7805759518885937,0.24298773513690664
-0.8087174367212298,-1.0,0.6509610805669295,-0.641176407279889,-0.42557453065748296,-0.523377112952256,2.4661316263764563
0.050566455310865566,-0.8244779617026327,-0.2917992956097401,-1.0,-1.0,-0.1783025872076851,4.385237866336615
-0.10552594866443976,-0.6902271901403045,-1.0,-0.15099423323970673,0.7495079892271931,1.0,5.502398392967779
0.12718156115140872,-0.2195518288303373,1.0,1.0,0.9053116863489226,-0.37182305371930263,-0.4061886176654068
0.5048001315198052,1.0,1.0,1.0,-0.3476791567577093,-0.5571529685478099,-0.4217540278629883
0.09747701001728828,0.34397045860894276,-0.4355813992525098,-0.025443435584302843,1.0,0.3303285600443279,1.0443806159090454
0.09700731288348685,-0.13776038854198042,-0.6416538847164611,-1.0,0.34048217008945514,0.6634375511566633,1.39963675685334
-0.12771673440843967,1.0,0.5843511860249735,0.6147489818860785,1.0,0.41189088935313656,-1.243810145547437
1.0,0.2423174235398955,0.1246331385497137,1.0,-0.40355981453189044,1.0,3.944264322625941
1.0,1.0,0.24437524850798636,-1.0,-0.05287419059921916,0.7092689175162941,3.272259738933643
-0.9487268005076996,-0.3767304030626413,-0.048315042894989224,-1.0,-1.0,-0.5332416058988017,2.445469582440663
-0.342280581386188,-0.728872159555146,-0.5119405021997981,-1.0,-1.0,-0.5696370933393553,3.180313874898669
0.9445409487103382,0.7685542047980001,1.0,-0.2167703732852666,1.0,-1.0,-4.0080511081716015
-0.8656958233127301,0.006278449097734208,-1.0,-0.6944930531886417,-0.9038096930750035,0.21829386530685718,-1.6291895263502285
-0.40915638711485847,-1.0,-0.027907797141426993,-1.0,-0.21496980967474433,-0.5674446985898494,2.059503430151734
-1.0,-0.259446873934263,-0.7962716307634896,-1.0,0.4605590999987841,-0.38059188343669603,0.2551881853382778
-0.7883821593970434,-1.0,-0.4002334801931285,-0.8638723542998494,-0.17010598055681614,-1.0,4.3754595791191635
-0.4281898621861179,-0.43211353891181703,0.018886566621003797,-1.0,0.03146143763391529,0.5118568542726323,-0.6278771343683844
0.6467916829061047,0.4185857201686649,1.0,0.23964742144825868,0.24873415696153756,1.0,-2.3225467315106747
-0.09681293123474166,-1.0,0.34571800265032526,-1.0,-1.0,0.9525512005301506,7.102551028229931
-1.0,-0.8834264251936479,-1.0,-1.0,-1.0,-1.0,4.674353853073822
-0.9009890321942466,-1.0,0.0360745218698193,-0.8776467183410984,0.16352045992799058,0.013850744086469663,-0.13723729571613513
1.0,1.0,0.69411857374164,0.7011374965754174,-0.027630786900155593,-1.0,4.051232005165804
-0.3535706894756079,-1.0,-0.5478568521063991,0.15751391835032524,-0.307174308637179,-0.042807829445594914,-0.9437954299911517
0.31231575347908336,0.6556340424749508,0.45989497375272825,-0.19486857718613024,1.0,0.1861037657224598,0.34680539507916053
-0.8531163145772827,-1.0,0.2323723864162387,-1.0,-1.0,-1.0,6.484091344603717
1.0,0.07494149249968496,1.0,0.7255997907806114,0.30705908797758846,1.0,-3.9671661496854336
0.37607309548423107,0.7805362478229733,1.0,0.9767030395345843,-0.971556122695174,-0.9724746139238633,3.321579601611254
-0.6131825229645582,-0.03434786458013396,-0.9710714940211775,-0.14836821211606815,0.5414894898910113,-0.30622459422064907,0.1677531209943083
1.0,-0.9403710424474012,-0.6738736393973606,1.0,0.9125453416784362,-0.41763622018639324,-5.424099531073906
0.3619753210104142,0.23981941756163266,-0.4901021602074512,0.305944737794806,-0.26411928675419305,-1.0,1.8074643848056111
-1.0,-1.0,0.5922483021064279,0.45562502911240804,-1.0,-1.0,1.5450481626194763
-0.4023311574755663,1.0,-0.3372253276043934,-0.5310271981529547,0.2548382506495275,-1.0,1.9791591286583419
-1.0,-1.0,-0.12019774616992485,-0.8779471984567766,0.10525991780196242,-1.0,4.322301173736755
1.0,1.0,1.0,0.6167620035143058,0.5065020297478531,0.42821983568598787,-4.973844110925241
-0.7396328090437694,-1.0,0.033097955910688426,-0.17004678788975458,-1.0,-0.12145801035942894,0.17044135868470617
-0.2075975940637277,0.5624769553159981,0.7265507605167684,-0.47987367932515157,0.21533426551946167,0.9376621657320525,0.6938053640799771
-1.0,0.7009374152759846,-0.3217742722100372,-0.37815590020966117,-0.9279774056310677,-0.9625963449296286,-2.1124098571237013
0.5008773451598068,1.0,-0.20331257860163676,-0.2416644430216679,1.0,0.9838014974863329,5.591714777519725
-1.0,-1.0,-0.021262945060554594,-0.9012810281263912,-0.06848650601084047,-1.0,4.82580975590935
1.0,0.3822910116033762,0.5393278378502206,1.0,-0.4807323475531773,-0.49074065628917285,3.2845490876366443
-0.6479951893287695,-0.710217764612803,-0.26692400350270384,-1.0,0.5422601638127893,1.0,1.1157204045984057
-0.17558465341018445,1.0,0.4945232265293067,0.5220632344110085,1.0,1.0,2.53922414175246
0.806471962548857,0.4005014470664998,0.37996819478823474,-0.2813740641847081,-1.0,-0.9972388443975345,5.383354218238856
0.19230838822233412,0.03522984798051995,-0.3445057576155488,1.0,1.0,0.7402260242209606,2.244322822472587
-0.1559563564099038,-0.3967820637296118,-0.8222225680366562,-1.0,0.9457585901680368,-0.3316171658135292,0.2792784852026497
-1.0,-0.44637297100574946,-0.9266937480198794,-1.0,1.0,0.37975242515645413,0.005535655962682462
0.40984670568964016,-0.12986145834717405,-1.0,-0.5517328734991127,-0.23786580269047986,0.9423089372662744,5.437805750703151
0.43458522604580263,-0.6879859183057768,0.2996609847097878,0.5430175511146862,-1.0,-0.46563270637771204,3.532009501175531
-0.6243886646785414,0.5190093878184527,1.0,-0.997461742851836,-0.40496374669861507,-1.0,-1.805365134415008
0.9260918540333452,-0.04886510524258009,1.0,1.0,1.0,1.0,-5.984910172812442
0.3016143842746392,0.02048689195215425,0.7511460695662279,0.023055298877265984,0.7581936826103831,0.7565631523686904,-0.9448543547300464
-1.0,-0.5243435130065817,-0.5846757721654714,-1.0,-1.0,-1.0,2.334709583571592
0.7775414958735802,0.677843222875823,0.17332225697886006,0.6515425586954222,0.09753791810197454,1.0,2.904443486119929
0.8759964798690698,0.10392472791471663,-0.07040268689003093,0.3921542409464299,1.0,0.5784223711616587,-1.1455558275548037
0.08955746421263276,0.4263011488624975,-1.0,-1.0,1.0,0.9771945470125118,8.560722281834485
-0.13676975250473855,-0.1500324510149761,-1.0,-0.842899506330954,-1.0,0.04854343720411969,-0.9722750941563837
-0.428128124568101,0.008640370835733102,0.5505473713491137,-0.1517341841453813,0.21275805619113408,0.7139698277014372,-0.5035776551052153
0.292339248973727,0.8504864370257612,0.9084252396315757,1.0,-0.4471587328183156,-0.6514174060443778,0.5566472790232397
0.6630267693520687,1.0,1.0,0.865172338619262,0.29246491058559765,1.0,-4.858115755612434
0.8291838501902589,0.7231246805111733,0.6922215587029085,1.0,0.7441128239062097,0.3680568923882653,-3.4493769260893368
0.3253316019640288,-0.32341717751164156,0.03704824749259014,-0.398111573997167,-1.0,-0.8376722489194951,3.0679626582704853
-0.6116592300206454,-1.0,0.560583680053927,-0.682684334888765,1.0,1.0,1.5101100238167275
0.06628066827675005,-1.0,-0.6188136243301288,-0.47377205066458045,1.0,1.0,0.5284003492044238
0.4347181597881835,0.20900450902816226,0.6093644439931734,1.0,-0.9816212174981953,0.8365222027754884,1.569040395277893
1.0,0.29079366508036786,1.0,-0.1778888650866043,0.5536323350979117,0.8628504650434659,-3.6858153424743474
0.47780384757321126,0.46654897572617837,-0.3742572647362261,-1.0,0.6780156790603189,0.5805410917178915,1.2085678678693723
-0.2047547685030887,0.373831708257347,-1.0,-0.005344609490913088,0.3399650296151593,0.17179558469669953,0.2954393101300202
1.0,1.0,1.0,1.0,-1.0,-0.46376878580536784,5.925938738227482
-0.441556937536147,-0.37376559800725007,-0.5352516333297301,-0.7542250881375056,0.31754227070037344,-1.0,2.773542508677942
-0.05175424278898366,-0.6339657415745428,0.2190576521762223,-0.4418610962958358,-0.6456552379642526,0.2541537799665541,-0.027420219896134246
0.6669138936764395,-0.8700894247617149,0.05426425869643586,-0.25516795126747505,0.6641738954877533,1.0,-0.0008086080872221346
-0.0884738188756083,0.05725176222876227,0.691459398306857,0.06721601853016052,1.0,-0.3122908253370271,0.31794702170578737
1.0,-0.0715242062573691,0.21662801226780826,-0.20562575083149554,0.30179539590486865,1.0,1.1113064434719861
-0.993604044367982,-0.1205797627227867,-0.6684876114224725,-1.0,-0.1059526687846079,0.8471677218680208,0.46819481802305607
1.0,1.0,1.0,1.0,0.188732825901184,0.92431816254028,-6.669843211637266
0.07456944552718747,-1.0,0.7416565570430376,-0.4466122890536723,1.0,1.0,-0.09989972509782613
-0.21087976284819732,-1.0,-1.0,-1.0,-0.5698568356317035,-1.0,4.309672801716559
-0.296331145859826,-1.0,-0.6241056593513105,-0.9141690962779913,0.8623426933747076,0.35950790032614965,-2.6327406698647065
-0.15702189977953046,-0.8058160238791217,-0.5129782777962814,-0.5469196904732991,-0.29190959973268893,-0.19176585252189812,-1.073002392536038
-0.7379270107348728,-1.0,0.2277090399711198,-0.9436697144621947,1.0,0.9645653491749607,1.0289889168797308
-0.20564401360761075,-0.23726800752430255,-1.0,0.4819216266577738,-0.8543207784720198,1.0,5.977934756570119
0.5418220766733738,0.5920262345332064,-0.6311604025791309,0.48916105220092715,1.0,0.45468353578944676,0.34703651936015045
1.0,1.0,0.2112748943910201,1.0,1.0,0.6683885742179015,-3.928202682157612
-0.8079979818762798,-0.8599361340120092,-0.9438789167782534,0.8578847238471873,1.0,0.0006290254934746553,-4.111204742275445
-0.5850935040387906,-0.9454371139307636,-0.14437594845718515,-1.0,1.0,1.0,1.70589054849826
-1.0,-0.9836181377110067,-0.6613084788238652,-1.0,-0.16878037280332747,-0.1643350673610158,-3.7059417637153125
-1.0,-0.9942905947741036,-0.5188226637354931,-1.0,-0.4102731202417389,0.31144200619272555,-4.1093889942319235
-0.1522071019207623,1.0,0.6924598705080058,1.0,0.02379167079754102,-1.0,0.17117242971711122
-1.0,0.06356267739791555,-0.2369316349359305,-0.1494041373696232,-1.0,-0.5994361780956117,-2.1439920396711125
-0.5579907363218197,-1.0,-0.4211845755381348,-0.9662045776170605,0.41295466281976334,1.0,-1.991398370696266
1.0,-0.14254429895350412,-1.0,-0.15777586135516905,-0.23017139940973627,-0.31003608671791427,2.1224740855273745
0.5248162679914272,0.3922076181441642,1.0,1.0,1.0,1.0,-3.4730985749299617
-0.020176178103067155,-1.0,0.20928625134470052,0.21496185955749714,-0.314097502271224,-0.5214080271807432,1.7829918164119558
1.0,1.0,-0.07780177521635216,0.11106458041765532,-0.046958448272798936,-1.0,3.108868174622275
0.0503737561288472,0.29478994846005824,-0.8158188276080458,-1.0,0.38283120405822046,1.0,5.571055056817525
-0.8490571148832646,-0.5096339455582967,0.3021378947220068,1.0,1.0,1.0,4.946447610361957
1.0,-0.5382008364218531,0.8198092676013872,1.0,-1.0,-0.798432577884593,9.207873730028824
-0.7822027892096157,-0.41147106216533386,-0.73906000543431,1.0,-0.33352712457896183,-1.0,1.016054945801114
0.8336694525295496,0.855475045678368,1.0,1.0,0.6921436676202064,1.0,-7.0431154194305865
-0.3944854187001995,-0.6362963357026392,0.42201610451331284,-0.9399905816530155,-0.22501203303099615,1.0,-1.0384253971963302
0.46111665594015183,0.5451021875860045,0.3574145545754539,-0.008225948269870331,0.022031117592947513,-0.12973868459954774,-0.8481870246530441
-0.7813025199831192,0.4761499470428354,-0.06095478325327114,-1.0,0.591746274012642,1.0,4.977425711048106
-1.0,-1.0,-0.5587771687519444,-0.3294297681934987,0.01754052444741372,0.9348124069258668,-0.9058451176789954
1.0,1.0,0.4403034676573572,0.6495444071727356,1.0,1.0,-1.4160483520644782
-0.04406382693236627,-0.6237856764010875,-0.6564802521721629,-0.15517412801083744,-0.7343173069305474,-0.5525476502049556,0.04646484527115663
0.08989606360629687,0.4999855182032696,0.5034017462697575,-0.06841641874884191,0.43378139349676315,-0.34235427722107364,-0.25493741255944635
0.4683572587843549,0.7969920667837203,-0.5665535083386962,0.991444975029349,-0.615448562379737,-1.0,5.7655044977816905
0.07392687369408613,0.7504008626259111,-0.915853388925708,0.44479096310935007,1.0,-0.16311048576140774,-0.08843302322975195
0.7582136854922579,-1.0,0.32499371985476955,0.15169800961445712,0.7682680212696539,0.7480428644887888,-1.002995410051669
-0.5533709412918308,-1.0,0.15776638077511962,-1.0,0.17791552497084523,1.0,-1.7681042268232428
1.0,0.6199452821706556,0.1416192465098779,0.21361547079495036,0.4282320504286452,0.661511791454021,-0.06549766010928715
-0.7999371659569001,-0.4161218255730508,-1.0,-1.0,-0.11985291912479767,-0.34960063480408266,-2.0226375095210436
-0.10575114378484551,1.0,1.0,1.0,0.309349394933766,0.7740721142141205,-5.446704414253717
0.6292705150766393,1.0,1.0,-0.22599759047052953,0.7321016305538774,0.4544566215264265,-3.574518600314362
-1.0,-1.0,-0.8751907098796816,-0.9192176750603072,0.2440776099918448,-0.10203410499682009,-4.582445852986064
0.624066322564622,-0.6156402008180804,-0.634354790019453,-1.0,-1.0,-0.7732010132905347,6.756285253433347
0.13510676009960548,-0.7236941067989047,-0.24260693237982978,0.26090374510550085,-1.0,0.7957016215211191,3.0300433834890175
1.0,0.3242008753760359,0.7976045804924389,0.19793256418413008,1.0,0.7331770359696614,-3.546646586814015
0.7499485342591296,0.050564003143044184,-0.9317004716221517,-1.0,-0.28487313973454,-1.0,1.5962109502996387
-0.9378425216960944,-1.0,-0.4617304689579034,-0.6171578695333866,0.27471521152258516,-1.0,4.412058613180633
1.0,1.0,0.6899242740593943,1.0,0.3900710379751769,0.2901166527472824,-4.2425989756132605
0.6829302586892306,-1.0,-1.0,0.21182603393647248,0.20971562678890143,-0.28107386499173787,-2.7711349388629456
-1.0,0.4116253147194674,0.2088878613183961,0.47531585472731597,-0.361106849544389,1.0,-1.1693566356371476
-1.0,-1.0,-0.16390340736642406,-1.0,-1.0,-0.49645892300940875,3.866277882827749
1.0,0.47290011219003947,0.09074785300167154,1.0,1.0,0.989739732667625,0.9413244278630022
-1.0,-1.0,-0.27497426895760824,-0.6010515943420622,0.06956547322913975,-1.0,4.976838784243484
-0.04855668523568912,-1.0,-0.920120742525554,-0.9598109423426018,1.0,0.8595714487319965,-2.697652288921398
-1.0,-0.41529195710265177,-0.9559809185704986,-1.0,0.7815663926824389,-0.5266337218023676,-0.1990065842976756
-1.0,-0.4878912331072973,0.4162228803390535,-1.0,0.3070171191783419,0.10850443908325409,-0.03271163244020647
1.0,1.0,1.0,1.0,-0.7054031263342097,-0.9552596446398423,6.632180013753372
-1.0,-0.23350125989160042,-1.0,-1.0,1.0,-0.7278787087505648,3.026558307231273
1.0,0.08026487575870123,0.9174666449089124,1.0,1.0,0.1759930457961063,-5.063147695422064
-0.20165156205743218,-0.7785764753081534,-1.0,-1.0,-0.1349289631339563,-1.0,3.1105224247958976
-0.015317202992227497,0.6662500288964205,1.0,1.0,0.7919812478050656,1.0,-3.1828457858308603
-1.0,-0.1834687872577997,-0.5684057697564942,-0.2919130978160818,-0.9769721289962383,1.0,1.3474944749979685
-0.2162970381031011,-0.5962185973205023,-0.5036584713213377,-0.8319496961134036,-1.0,-1.0,3.3408925538604173
-0.936500408770456,0.881075965358848,-1.0,0.07523782634700815,1.0,-0.025133277872686488,2.700911406942922
0.2910679727719965,-0.001064109922003953,-0.48920850833677365,-0.11327628430990666,-1.0,-1.0,2.948222888338067
1.0,1.0,0.3063906063870749,1.0,1.0,0.8893227841507487,-3.1975012616392116
0.6953204553031993,-0.16478518322744745,0.3765801256805561,-0.7349735015736016,-0.3044735957880491,1.0,2.9554579104852037
-1.0,-0.8484913888905787,-0.3350538059812451,0.12719749851586082,-1.0,1.0,-0.8114526644312708
1.0,0.19473090107990115,1.0,0.7001485582653146,1.0,0.19632044641090562,-4.556517812893295
1.0,1.0,1.0,1.0,0.30077488611466086,0.8387384856317163,-7.764449049505435
-0.2691181476445027,-0.22750160383172668,0.0702781011918519,1.0,-0.39596426644827404,0.5709553894060242,-0.0031719522305012626
1.0,0.17618973955728046,1.0,-0.15721532508239655,-0.13687332826919407,-0.02312022667962657,1.3418880782108187
-0.16709805791817245,-1.0,0.1260267463986674,-1.0,-0.9896475087410335,-0.5684583931355247,6.671817399392322
1.0,1.0,1.0,1.0,-0.7116889625168363,-0.9804103598633678,8.055725019036327
